beds,baths,size,size_units,lot_size,lot_size_units,zip_code,price
3,2.5,2590.0,sqft,6000.0,sqft,98144,795000.0
4,2.0,2240.0,sqft,0.31,acre,98106,915000.0
4,3.0,2040.0,sqft,3783.0,sqft,98107,950000.0
4,3.0,3800.0,sqft,5175.0,sqft,98199,1950000.0
2,2.0,1042.0,sqft,,,98102,950000.0
2,2.0,1190.0,sqft,1.0,acre,98107,740000.0
1,1.0,670.0,sqft,6000.0,sqft,98133,460000.0
5,3.5,4510.0,sqft,6000.0,sqft,98105,3150000.0
3,2.5,1520.0,sqft,741.0,sqft,98108,565000.0
4,2.0,2340.0,sqft,9500.0,sqft,98178,699000.0
3,2.0,1320.0,sqft,1386.0,sqft,98103,899000.0
3,2.0,1800.0,sqft,3993.0,sqft,98177,1050000.0
3,2.5,2490.0,sqft,5757.0,sqft,98103,935625.0
4,3.0,2650.0,sqft,6380.0,sqft,98115,1511000.0
5,1.5,2560.0,sqft,5200.0,sqft,98199,1330000.0
2,1.5,900.0,sqft,,,98133,549755.0
3,3.5,1360.0,sqft,,,98103,700000.0
1,1.0,550.0,sqft,,,98122,330000.0
3,2.5,2974.0,sqft,3840.0,sqft,98119,1750000.0
4,3.5,1989.0,sqft,1607.0,sqft,98117,980000.0
2,2.0,1332.0,sqft,1101.0,sqft,98199,845000.0
4,3.0,2668.0,sqft,5589.0,sqft,98116,1213000.0
2,1.0,770.0,sqft,5250.0,sqft,98133,530000.0
3,1.5,1280.0,sqft,9100.0,sqft,98146,625000.0
5,3.5,3200.0,sqft,9260.0,sqft,98133,1275000.0
2,1.5,889.0,sqft,0.23,acre,98103,680000.0
1,1.0,508.0,sqft,,,98109,325000.0
3,2.0,3140.0,sqft,5000.0,sqft,98117,1219700.0
4,2.0,2000.0,sqft,8077.0,sqft,98125,907200.0
1,1.0,792.0,sqft,,,98101,517000.0
3,2.5,1690.0,sqft,1733.0,sqft,98108,760000.0
4,5.5,3000.0,sqft,5520.0,sqft,98126,1484000.0
3,3.0,1550.0,sqft,1400.0,sqft,98115,950000.0
2,2.0,871.0,sqft,0.29,acre,98119,430000.0
4,1.5,1940.0,sqft,8778.0,sqft,98118,520000.0
1,1.0,474.0,sqft,,,98101,335000.0
3,2.0,1770.0,sqft,3349.0,sqft,98146,805000.0
5,5.0,2510.0,sqft,0.27,acre,98133,1000000.0
1,1.0,750.0,sqft,,,98199,375000.0
1,1.0,573.0,sqft,,,98102,390000.0
3,2.5,1500.0,sqft,1056.0,sqft,98103,1070000.0
5,4.0,2920.0,sqft,6323.0,sqft,98133,948000.0
3,2.0,2817.0,sqft,6375.0,sqft,98103,912000.0
1,1.0,617.0,sqft,0.49,acre,98109,480000.0
2,2.0,1280.0,sqft,3000.0,sqft,98112,776000.0
2,2.0,1523.0,sqft,,,98121,1395000.0
2,1.0,1240.0,sqft,5038.0,sqft,98126,750000.0
4,2.5,2280.0,sqft,3932.0,sqft,98106,1065000.0
5,3.5,3590.0,sqft,0.36,acre,98136,2350000.0
4,3.5,2478.0,sqft,2761.0,sqft,98115,1580000.0
3,3.0,2360.0,sqft,6600.0,sqft,98117,1775000.0
2,1.0,720.0,sqft,7500.0,sqft,98177,600000.0
3,2.0,2480.0,sqft,5829.0,sqft,98126,800000.0
3,2.0,1550.0,sqft,6720.0,sqft,98199,1100000.0
2,1.0,780.0,sqft,3060.0,sqft,98103,750000.0
5,3.0,2820.0,sqft,6250.0,sqft,98136,865000.0
5,3.0,2900.0,sqft,3600.0,sqft,98112,1450000.0
2,2.0,1092.0,sqft,5500.0,sqft,98122,829000.0
3,2.0,1731.0,sqft,7514.0,sqft,98125,575000.0
3,2.5,1500.0,sqft,8240.0,sqft,98105,860000.0
2,2.5,1344.0,sqft,1110.0,sqft,98122,770000.0
4,5.5,4040.0,sqft,8965.0,sqft,98105,5495000.0
5,3.0,2320.0,sqft,0.27,acre,98168,560000.0
5,3.0,2820.0,sqft,6250.0,sqft,98136,900000.0
3,1.0,1070.0,sqft,3840.0,sqft,98117,575000.0
2,1.0,1113.0,sqft,,,98102,595000.0
4,2.0,2100.0,sqft,4864.0,sqft,98117,950000.0
3,2.5,2620.0,sqft,4080.0,sqft,98119,1300000.0
3,2.0,1270.0,sqft,1333.0,sqft,98103,727000.0
3,2.0,2702.0,sqft,6600.0,sqft,98103,1605000.0
4,3.5,2031.0,sqft,1.0,acre,98117,1480000.0
3,2.0,2350.0,sqft,7320.0,sqft,98178,888000.0
4,1.5,2640.0,sqft,7440.0,sqft,98115,1850000.0
3,1.5,1340.0,sqft,5120.0,sqft,98106,615000.0
6,3.5,8660.0,sqft,0.28,acre,98102,4100000.0
2,2.5,1365.0,sqft,,,98118,525000.0
1,1.0,635.0,sqft,,,98104,509950.0
3,1.0,1800.0,sqft,0.27,acre,98168,549000.0
2,1.0,870.0,sqft,6554.0,sqft,98118,555000.0
3,3.5,1510.0,sqft,1239.0,sqft,98103,660000.0
3,1.0,1120.0,sqft,6096.0,sqft,98106,615000.0
4,2.5,2580.0,sqft,0.26,acre,98146,1635000.0
2,2.0,875.0,sqft,,,98115,420000.0
3,4.0,2220.0,sqft,974.0,sqft,98109,1650000.0
1,1.0,607.0,sqft,,,98119,427000.0
3,2.0,1496.0,sqft,1.0,acre,98144,910000.0
4,3.5,2670.0,sqft,3405.0,sqft,98118,1022700.0
2,1.5,1810.0,sqft,6827.0,sqft,98115,925000.0
1,1.0,582.0,sqft,0.5,acre,98109,360000.0
2,2.0,1006.0,sqft,,,98121,928000.0
3,5.5,1530.0,sqft,1336.0,sqft,98103,635000.0
2,1.0,820.0,sqft,5100.0,sqft,98118,490000.0
3,2.0,1960.0,sqft,5000.0,sqft,98105,950000.0
4,3.0,2110.0,sqft,0.24,acre,98133,760000.0
4,3.5,3010.0,sqft,4000.0,sqft,98106,985000.0
3,1.0,2200.0,sqft,5000.0,sqft,98105,1250000.0
3,2.5,1820.0,sqft,4.05,acre,98118,690000.0
4,4.0,3040.0,sqft,4000.0,sqft,98119,1585000.0
3,2.0,1800.0,sqft,6180.0,sqft,98118,936000.0
1,1.0,800.0,sqft,,,98122,450000.0
3,3.0,1450.0,sqft,525.0,sqft,98117,750000.0
1,1.0,756.0,sqft,,,98121,550000.0
1,1.0,742.0,sqft,,,98126,354000.0
4,2.0,2400.0,sqft,5400.0,sqft,98119,1385000.0
2,2.0,1607.0,sqft,,,98101,1865000.0
4,3.5,3057.0,sqft,7650.0,sqft,98117,1800000.0
1,1.0,649.0,sqft,,,98105,346600.0
4,4.0,3142.0,sqft,6000.0,sqft,98119,1600000.0
3,1.0,1050.0,sqft,3750.0,sqft,98106,399950.0
3,2.0,1720.0,sqft,5000.0,sqft,98199,855000.0
3,3.5,2650.0,sqft,8500.0,sqft,98136,1095000.0
2,1.5,2680.0,sqft,6000.0,sqft,98102,1125000.0
4,2.5,2550.0,sqft,5000.0,sqft,98115,1560000.0
9,4.0,3800.0,sqft,6000.0,sqft,98116,1343000.0
2,2.0,1320.0,sqft,,,98125,525000.0
4,2.0,1910.0,sqft,6000.0,sqft,98168,630000.0
2,1.0,773.0,sqft,0.25,acre,98133,360000.0
1,1.0,589.0,sqft,,,98121,375000.0
1,1.0,510.0,sqft,,,98102,302500.0
4,3.5,2661.0,sqft,4081.0,sqft,98108,1165000.0
2,2.0,843.0,sqft,,,98103,346250.0
4,3.0,2250.0,sqft,5250.0,sqft,98115,1150000.0
4,1.5,2080.0,sqft,5000.0,sqft,98116,950000.0
3,3.5,1370.0,sqft,982.0,sqft,98117,699500.0
1,1.0,699.0,sqft,4.27,acre,98115,335000.0
2,3.0,1840.0,sqft,9420.0,sqft,98125,800000.0
4,3.5,3040.0,sqft,0.39,acre,98177,1495000.0
2,1.0,858.0,sqft,,,98144,500000.0
5,8.5,3110.0,sqft,4455.0,sqft,98115,1606500.0
2,2.0,1147.0,sqft,564.0,sqft,98115,749950.0
2,1.0,868.0,sqft,,,98144,415000.0
2,2.5,1538.0,sqft,900.0,sqft,98105,895000.0
2,1.0,1480.0,sqft,4600.0,sqft,98126,720000.0
2,2.0,932.0,sqft,,,98103,435000.0
2,2.0,981.0,sqft,,,98133,450000.0
2,2.0,866.0,sqft,649.0,sqft,98107,555000.0
4,3.5,2000.0,sqft,1532.0,sqft,98115,870000.0
3,3.5,1470.0,sqft,1375.0,sqft,98117,845000.0
2,2.0,1840.0,sqft,5000.0,sqft,98122,1200000.0
4,2.0,2230.0,sqft,5940.0,sqft,98125,925000.0
2,1.5,1290.0,sqft,1332.0,sqft,98115,795000.0
3,2.5,1670.0,sqft,,,98178,600000.0
1,1.0,630.0,sqft,0.24,acre,98146,459000.0
3,2.0,1880.0,sqft,3200.0,sqft,98144,911000.0
2,2.0,1188.0,sqft,,,98102,1350000.0
2,1.5,1300.0,sqft,3146.0,sqft,98133,570288.0
1,1.0,857.0,sqft,,,98121,529000.0
2,2.0,1071.0,sqft,1.54,acre,98119,605000.0
5,4.0,2810.0,sqft,5000.0,sqft,98103,1295000.0
4,2.5,2400.0,sqft,3200.0,sqft,98109,1595000.0
3,3.5,1670.0,sqft,,,98178,600000.0
3,2.5,2734.0,sqft,4000.0,sqft,98109,1605200.0
3,2.5,1670.0,sqft,1687.0,sqft,98117,865000.0
3,3.0,1530.0,sqft,2260.0,sqft,98126,745000.0
4,1.0,1720.0,sqft,2835.0,sqft,98122,543750.0
3,1.0,1200.0,sqft,5786.0,sqft,98105,1099950.0
5,3.0,2030.0,sqft,5046.0,sqft,98144,905000.0
3,2.0,2370.0,sqft,4865.0,sqft,98126,1200000.0
3,1.5,1720.0,sqft,3825.0,sqft,98117,825000.0
1,1.0,813.0,sqft,0.24,acre,98121,680000.0
3,2.0,1590.0,sqft,8937.0,sqft,98106,720000.0
1,1.0,626.0,sqft,,,98122,389200.0
2,1.0,840.0,sqft,4000.0,sqft,98108,489000.0
2,2.0,1030.0,sqft,,,98122,575000.0
5,2.5,2870.0,sqft,8741.0,sqft,98168,520000.0
1,1.0,792.0,sqft,,,98121,675000.0
2,1.5,994.0,sqft,1494.0,sqft,98106,580000.0
3,2.0,1630.0,sqft,6000.0,sqft,98168,630000.0
3,1.5,1172.0,sqft,,,98122,685000.0
3,2.0,1806.0,sqft,4400.0,sqft,98126,799000.0
4,2.5,3060.0,sqft,4590.0,sqft,98115,1450000.0
5,3.5,3820.0,sqft,7200.0,sqft,98118,1350000.0
2,2.0,1328.0,sqft,,,98104,510000.0
3,2.5,2350.0,sqft,7200.0,sqft,98115,1582800.0
3,2.5,2080.0,sqft,9880.0,sqft,98117,977000.0
3,1.0,1000.0,sqft,5960.0,sqft,98118,710000.0
2,1.5,1131.0,sqft,1.0,acre,98144,685000.0
4,3.0,2230.0,sqft,9625.0,sqft,98178,1205000.0
5,3.0,3130.0,sqft,5750.0,sqft,98122,2095000.0
5,3.0,3750.0,sqft,5000.0,sqft,98107,1580000.0
2,2.0,1080.0,sqft,,,98144,450000.0
2,2.0,1720.0,sqft,5000.0,sqft,98116,985000.0
1,1.0,854.0,sqft,,,98107,455000.0
3,2.0,1286.0,sqft,870.0,sqft,98136,738000.0
2,1.5,1230.0,sqft,,,98122,650000.0
2,1.0,1422.0,sqft,3399.0,sqft,98117,715000.0
4,3.5,3956.0,sqft,0.29,acre,98125,3200000.0
6,5.0,3620.0,sqft,5500.0,sqft,98119,1420000.0
3,1.5,1370.0,sqft,6556.0,sqft,98178,659950.0
1,1.0,700.0,sqft,,,98144,325100.0
2,3.0,1824.0,sqft,0.37,acre,98101,2458000.0
1,1.0,956.0,sqft,,,98104,870000.0
4,2.0,2370.0,sqft,5000.0,sqft,98115,1350000.0
4,2.5,2200.0,sqft,5146.0,sqft,98106,825000.0
6,3.0,3020.0,sqft,0.75,acre,98178,775000.0
5,3.0,3400.0,sqft,0.43,acre,98168,756500.0
3,1.0,1660.0,sqft,4349.0,sqft,98115,749900.0
4,2.0,2080.0,sqft,7200.0,sqft,98178,675000.0
2,1.5,917.0,sqft,,,98103,625000.0
2,1.0,900.0,sqft,6150.0,sqft,98126,480000.0
4,4.5,3960.0,sqft,7025.0,sqft,98144,2485000.0
1,1.0,889.0,sqft,,,98121,723000.0
5,3.5,3310.0,sqft,6328.0,sqft,98115,1575000.0
1,1.0,621.0,sqft,0.31,acre,98133,289900.0
3,3.5,1467.0,sqft,,,98144,859990.0
4,2.0,1910.0,sqft,5166.0,sqft,98106,685000.0
3,2.5,1563.0,sqft,1950.0,sqft,98118,839950.0
5,3.5,3340.0,sqft,0.24,acre,98106,980000.0
4,3.0,2390.0,sqft,3600.0,sqft,98119,1300000.0
2,1.5,1131.0,sqft,1.0,acre,98144,670000.0
2,2.0,1201.0,sqft,720.0,sqft,98103,699950.0
3,3.0,1940.0,sqft,5000.0,sqft,98199,450000.0
1,1.0,519.0,sqft,,,98105,354000.0
2,1.0,1760.0,sqft,4625.0,sqft,98116,715000.0
4,3.0,1680.0,sqft,3080.0,sqft,98117,905000.0
2,2.0,1192.0,sqft,928.0,sqft,98103,719950.0
4,4.0,2300.0,sqft,3589.0,sqft,98105,1440000.0
3,2.5,2304.0,sqft,5000.0,sqft,98117,1100000.0
4,4.0,2650.0,sqft,6000.0,sqft,98103,1000000.0
5,4.0,4210.0,sqft,5200.0,sqft,98105,2625000.0
4,3.0,2840.0,sqft,9996.0,sqft,98177,1350000.0
2,1.0,980.0,sqft,4100.0,sqft,98107,863000.0
4,4.5,2440.0,sqft,5000.0,sqft,98105,1900000.0
2,2.0,1140.0,sqft,2550.0,sqft,98117,590000.0
4,3.5,1824.0,sqft,3250.0,sqft,98103,1299000.0
2,2.0,1115.0,sqft,0.96,acre,98121,1069000.0
4,3.0,2478.0,sqft,4001.0,sqft,98105,2095000.0
2,2.0,1140.0,sqft,5445.0,sqft,98133,665000.0
3,1.5,1172.0,sqft,5760.0,sqft,98122,685000.0
2,2.0,1433.0,sqft,1948.0,sqft,98136,750000.0
3,2.0,1520.0,sqft,4000.0,sqft,98117,760000.0
3,2.5,1380.0,sqft,2250.0,sqft,98106,590000.0
15,6.0,11010.0,sqft,0.33,acre,98112,3700000.0
4,2.0,1750.0,sqft,4950.0,sqft,98105,1025000.0
3,2.5,3590.0,sqft,4250.0,sqft,98103,1725000.0
1,1.0,646.0,sqft,,,98133,332000.0
5,3.0,2040.0,sqft,6180.0,sqft,98118,605000.0
2,2.0,1560.0,sqft,6750.0,sqft,98115,980000.0
2,2.5,1088.0,sqft,5500.0,sqft,98107,835000.0
2,1.0,1460.0,sqft,5700.0,sqft,98115,400000.0
3,2.0,1380.0,sqft,2909.0,sqft,98117,800000.0
2,1.0,1000.0,sqft,4640.0,sqft,98116,793000.0
2,2.0,1128.0,sqft,6000.0,sqft,98144,625000.0
1,1.0,776.0,sqft,1.09,acre,98116,515000.0
3,2.5,2000.0,sqft,7440.0,sqft,98106,799000.0
3,2.0,2029.0,sqft,,,98115,685000.0
4,5.5,2867.0,sqft,4983.0,sqft,98115,1750000.0
4,3.0,1180.0,sqft,4650.0,sqft,98117,956300.0
3,2.0,1920.0,sqft,3154.0,sqft,98199,1067000.0
2,2.0,2220.0,sqft,5950.0,sqft,98126,551000.0
2,3.0,1300.0,sqft,915.0,sqft,98107,780000.0
1,1.0,596.0,sqft,,,98109,445000.0
3,2.0,1460.0,sqft,5005.0,sqft,98106,583000.0
3,2.5,2500.0,sqft,4305.0,sqft,98117,1685000.0
3,2.5,1540.0,sqft,1037.0,sqft,98122,852500.0
5,3.0,2550.0,sqft,6604.0,sqft,98106,940000.0
2,2.0,1018.0,sqft,,,98199,545000.0
3,2.5,1520.0,sqft,1062.0,sqft,98106,540700.0
1,1.0,640.0,sqft,0.35,acre,98104,345000.0
4,3.0,2190.0,sqft,5136.0,sqft,98126,860000.0
2,1.0,930.0,sqft,6000.0,sqft,98133,620000.0
5,2.5,2900.0,sqft,0.23,acre,98106,800000.0
4,3.5,2780.0,sqft,4000.0,sqft,98112,950000.0
3,1.0,2560.0,sqft,8927.0,sqft,98125,776000.0
1,1.0,613.0,sqft,,,98122,325000.0
3,2.5,1566.0,sqft,1602.0,sqft,98122,875000.0
2,2.0,1245.0,sqft,4.11,acre,98168,330000.0
3,2.5,1190.0,sqft,1290.0,sqft,98144,750000.0
5,2.5,2760.0,sqft,6350.0,sqft,98126,1025000.0
4,1.5,3260.0,sqft,5568.0,sqft,98199,1695000.0
4,3.0,2380.0,sqft,4635.0,sqft,98115,1399999.0
2,2.5,1884.0,sqft,0.27,acre,98116,925000.0
3,2.5,1712.0,sqft,1215.0,sqft,98117,910000.0
2,2.0,1196.0,sqft,780.0,sqft,98107,734999.0
3,2.0,1098.0,sqft,2320.0,sqft,98105,864950.0
3,3.0,1250.0,sqft,6350.0,sqft,98117,815000.0
1,1.0,880.0,sqft,4500.0,sqft,98122,700000.0
2,1.5,822.0,sqft,,,98144,400000.0
4,2.0,1595.0,sqft,5500.0,sqft,98118,525000.0
3,3.0,2380.0,sqft,5000.0,sqft,98136,1230000.0
3,2.0,3190.0,sqft,4380.0,sqft,98112,2700000.0
3,2.5,1465.0,sqft,2973.0,sqft,98119,1175000.0
4,2.0,2910.0,sqft,8360.0,sqft,98115,1400000.0
2,3.0,1140.0,sqft,650.0,sqft,98144,675000.0
1,1.0,500.0,sqft,4000.0,sqft,98168,385000.0
3,2.0,1580.0,sqft,6400.0,sqft,98126,942000.0
1,1.0,683.0,sqft,,,98121,601000.0
5,3.0,2430.0,sqft,7812.0,sqft,98133,915000.0
2,2.0,1128.0,sqft,,,98136,479950.0
2,2.0,2360.0,sqft,5800.0,sqft,98199,1460000.0
3,2.5,1396.0,sqft,4800.0,sqft,98136,780000.0
1,1.0,615.0,sqft,,,98102,485000.0
4,2.0,2340.0,sqft,7500.0,sqft,98115,925000.0
4,1.5,2140.0,sqft,6511.0,sqft,98125,700500.0
4,3.0,2980.0,sqft,4480.0,sqft,98105,1090000.0
3,1.5,1390.0,sqft,9350.0,sqft,98168,412000.0
2,1.0,720.0,sqft,4240.0,sqft,98106,525000.0
1,1.0,712.0,sqft,,,98133,325000.0
4,2.5,1850.0,sqft,2856.0,sqft,98108,945000.0
3,4.5,1710.0,sqft,1326.0,sqft,98126,725000.0
2,1.0,970.0,sqft,0.35,acre,98106,386000.0
3,2.0,1606.0,sqft,900.0,sqft,98109,1450000.0
3,2.5,1815.0,sqft,1500.0,sqft,98103,1295000.0
2,1.0,1120.0,sqft,1188.0,sqft,98122,700000.0
4,2.0,2220.0,sqft,9295.0,sqft,98177,995000.0
1,1.0,570.0,sqft,,,98116,345000.0
3,2.0,1460.0,sqft,4590.0,sqft,98117,888000.0
5,3.0,3820.0,sqft,7980.0,sqft,98116,1575000.0
3,3.5,2480.0,sqft,2400.0,sqft,98119,1795000.0
5,3.0,2777.0,sqft,7026.0,sqft,98125,1338600.0
2,2.0,1170.0,sqft,588.0,sqft,98144,624999.0
1,1.0,587.0,sqft,,,98125,260000.0
3,1.0,1430.0,sqft,2280.0,sqft,98103,980000.0
2,5.5,1320.0,sqft,1250.0,sqft,98144,679950.0
2,2.0,2170.0,sqft,5250.0,sqft,98116,893000.0
1,1.0,635.0,sqft,,,98102,495000.0
3,1.5,1630.0,sqft,6615.0,sqft,98115,895000.0
2,2.0,1900.0,sqft,2164.0,sqft,98122,1310000.0
3,2.0,1760.0,sqft,4000.0,sqft,98106,689000.0
3,2.5,1712.0,sqft,1514.0,sqft,98107,970000.0
4,2.5,3190.0,sqft,5500.0,sqft,98102,1820000.0
4,3.5,3590.0,sqft,4000.0,sqft,98109,2900000.0
1,1.0,630.0,sqft,4895.0,sqft,98133,255000.0
2,2.0,1150.0,sqft,,,98121,615000.0
5,2.0,1830.0,sqft,5220.0,sqft,98118,665000.0
2,1.0,760.0,sqft,3072.0,sqft,98144,250000.0
3,2.5,2600.0,sqft,5100.0,sqft,98117,1148000.0
3,2.0,2130.0,sqft,4850.0,sqft,98107,990200.0
3,3.5,2899.0,sqft,5346.0,sqft,98199,1800000.0
3,1.0,1090.0,sqft,0.31,acre,98178,400000.0
4,4.0,3360.0,sqft,5000.0,sqft,98107,1200000.0
4,2.5,2240.0,sqft,5229.0,sqft,98117,1050000.0
2,1.0,886.0,sqft,8863.0,sqft,98112,620000.0
3,2.0,1560.0,sqft,4960.0,sqft,98106,799000.0
4,2.0,1730.0,sqft,8100.0,sqft,98146,852000.0
3,2.0,1700.0,sqft,5346.0,sqft,98115,1150000.0
4,3.5,1909.0,sqft,1544.0,sqft,98103,1500000.0
3,2.0,2180.0,sqft,3740.0,sqft,98117,1012000.0
1,1.0,681.0,sqft,,,98105,470000.0
3,3.0,1460.0,sqft,7200.0,sqft,98144,1000000.0
1,1.0,704.0,sqft,,,98119,365000.0
2,1.0,1010.0,sqft,6750.0,sqft,98125,549950.0
2,2.5,1635.0,sqft,,,98102,1850000.0
2,1.5,1022.0,sqft,,,98144,655000.0
3,1.0,990.0,sqft,8100.0,sqft,98146,635000.0
2,2.0,1164.0,sqft,8280.0,sqft,98117,706474.0
1,1.0,583.0,sqft,0.29,acre,98119,349000.0
2,1.5,888.0,sqft,,,98103,700000.0
4,2.0,2740.0,sqft,6000.0,sqft,98119,1400000.0
3,2.0,1670.0,sqft,5400.0,sqft,98118,485000.0
3,1.0,830.0,sqft,7800.0,sqft,98125,660000.0
2,2.0,1200.0,sqft,1247.0,sqft,98122,705000.0
3,3.5,2530.0,sqft,1880.0,sqft,98102,1299000.0
4,3.0,2660.0,sqft,5100.0,sqft,98117,1360000.0
4,2.0,2820.0,sqft,4764.0,sqft,98117,1441000.0
2,1.0,1011.0,sqft,0.24,acre,98103,159488.0
2,1.5,1088.0,sqft,1518.0,sqft,98106,590000.0
6,3.5,3785.0,sqft,5150.0,sqft,98117,3150000.0
3,2.0,1540.0,sqft,1102.0,sqft,98144,630000.0
2,1.5,1180.0,sqft,0.25,acre,98168,575000.0
3,3.5,1968.0,sqft,1498.0,sqft,98199,980000.0
1,1.0,610.0,sqft,0.59,acre,98119,340000.0
2,2.0,1346.0,sqft,0.53,acre,98116,800000.0
2,2.5,1320.0,sqft,1030.0,sqft,98133,570000.0
3,3.5,3064.0,sqft,0.59,acre,98121,2450000.0
3,2.0,2980.0,sqft,5800.0,sqft,98115,1415000.0
4,3.5,3050.0,sqft,6146.0,sqft,98102,2250000.0
3,2.0,2020.0,sqft,7200.0,sqft,98133,917500.0
3,2.5,1926.0,sqft,1483.0,sqft,98122,1148000.0
2,1.0,1330.0,sqft,7425.0,sqft,98125,479000.0
3,2.0,2410.0,sqft,4950.0,sqft,98199,1083000.0
2,2.5,1580.0,sqft,5000.0,sqft,98106,699000.0
3,1.0,1030.0,sqft,4480.0,sqft,98105,710000.0
3,3.0,1630.0,sqft,6721.0,sqft,98168,615000.0
4,2.5,2370.0,sqft,3600.0,sqft,98146,750000.0
1,1.0,783.0,sqft,,,98101,530000.0
4,1.0,1310.0,sqft,6000.0,sqft,98146,735000.0
3,2.0,1996.0,sqft,4656.0,sqft,98117,986500.0
3,2.0,1580.0,sqft,6396.0,sqft,98126,820000.0
1,1.0,781.0,sqft,,,98122,481000.0
2,2.0,1517.0,sqft,,,98105,1350000.0
4,2.0,2360.0,sqft,6120.0,sqft,98115,950000.0
3,2.0,1496.0,sqft,1.0,acre,98144,824500.0
2,2.5,1250.0,sqft,1027.0,sqft,98117,725000.0
2,2.0,1810.0,sqft,,,98119,1350000.0
1,1.0,531.0,sqft,,,98121,489000.0
4,2.5,2380.0,sqft,5000.0,sqft,98105,1900000.0
2,2.0,1095.0,sqft,617.0,sqft,98177,599950.0
2,2.0,1080.0,sqft,1175.0,sqft,98106,533500.0
2,2.0,1146.0,sqft,800.0,sqft,98112,845000.0
4,2.5,1544.0,sqft,2352.0,sqft,98117,850000.0
1,1.0,707.0,sqft,0.26,acre,98122,590000.0
4,3.0,2067.0,sqft,1.0,acre,98122,1074900.0
4,3.0,2360.0,sqft,7200.0,sqft,98115,1360000.0
2,2.0,724.0,sqft,5400.0,sqft,98103,430000.0
2,2.5,1649.0,sqft,,,98118,765000.0
5,2.5,2180.0,sqft,4069.0,sqft,98118,1009975.0
3,2.0,1960.0,sqft,4400.0,sqft,98199,955000.0
1,1.0,727.0,sqft,5250.0,sqft,98103,445000.0
3,2.0,1209.0,sqft,752.0,sqft,98116,725000.0
1,1.0,650.0,sqft,,,98116,349000.0
5,3.0,3070.0,sqft,3400.0,sqft,98117,1450000.0
4,2.5,2130.0,sqft,6250.0,sqft,98136,960000.0
4,2.5,2220.0,sqft,3770.0,sqft,98144,1235000.0
4,3.0,2288.0,sqft,6550.0,sqft,98126,1105000.0
2,2.0,1370.0,sqft,,,98121,1050000.0
5,3.0,3120.0,sqft,7865.0,sqft,98178,795000.0
4,2.5,2180.0,sqft,6099.0,sqft,98115,1275000.0
3,2.0,1590.0,sqft,3000.0,sqft,98146,560000.0
3,1.5,2220.0,sqft,6270.0,sqft,98115,930000.0
1,1.0,813.0,sqft,,,98178,240000.0
1,1.0,574.0,sqft,1.17,acre,98109,280000.0
4,2.0,2480.0,sqft,5996.0,sqft,98122,825000.0
4,3.0,3320.0,sqft,5750.0,sqft,98116,750000.0
2,1.0,1720.0,sqft,5017.0,sqft,98118,575000.0
3,2.0,2050.0,sqft,5000.0,sqft,98109,1265000.0
4,3.0,2370.0,sqft,3880.0,sqft,98115,1830000.0
4,5.0,3660.0,sqft,0.29,acre,98118,2695000.0
3,3.5,1670.0,sqft,905.0,sqft,98107,1115000.0
2,3.5,990.0,sqft,0.86,acre,98178,405000.0
3,3.0,3120.0,sqft,5996.0,sqft,98199,1350000.0
3,2.0,2260.0,sqft,6000.0,sqft,98199,1300000.0
2,1.0,650.0,sqft,3780.0,sqft,98103,708888.0
3,3.5,1540.0,sqft,2322.0,sqft,98126,699950.0
3,3.5,1980.0,sqft,1659.0,sqft,98144,1055000.0
3,1.0,2160.0,sqft,5100.0,sqft,98115,920000.0
4,2.5,3080.0,sqft,0.3,acre,98117,1650000.0
2,3.0,1740.0,sqft,4148.0,sqft,98105,1395000.0
3,2.0,1900.0,sqft,4000.0,sqft,98112,1766000.0
9,5.0,3940.0,sqft,5303.0,sqft,98133,1089000.0
2,1.5,1366.0,sqft,,,98116,839000.0
4,1.5,1920.0,sqft,0.24,acre,98125,850000.0
1,1.0,715.0,sqft,,,98115,515000.0
3,2.5,1610.0,sqft,1690.0,sqft,98107,895000.0
6,4.0,2960.0,sqft,3796.0,sqft,98199,1050000.0
4,2.0,1810.0,sqft,5100.0,sqft,98117,945000.0
2,2.0,1125.0,sqft,,,98102,705000.0
2,2.0,1893.0,sqft,9.2,acre,98115,727000.0
3,2.0,1096.0,sqft,1.0,acre,98117,875000.0
3,4.5,3760.0,sqft,7000.0,sqft,98199,1570000.0
4,2.5,2720.0,sqft,8000.0,sqft,98136,1315000.0
2,2.0,1510.0,sqft,7200.0,sqft,98105,915000.0
2,2.0,1350.0,sqft,815.0,sqft,98119,1035000.0
4,3.5,2980.0,sqft,4800.0,sqft,98112,2400000.0
2,2.0,1443.0,sqft,,,98168,325000.0
2,2.0,1170.0,sqft,,,98115,428000.0
5,2.0,2260.0,sqft,3848.0,sqft,98117,865000.0
3,2.0,1990.0,sqft,8710.0,sqft,98146,730000.0
2,1.5,1555.0,sqft,0.96,acre,98122,677500.0
3,2.0,2350.0,sqft,4400.0,sqft,98122,1140000.0
2,1.0,1440.0,sqft,6090.0,sqft,98125,699950.0
1,1.0,627.0,sqft,1.06,acre,98107,429000.0
1,1.0,551.0,sqft,,,98121,410000.0
2,1.0,770.0,sqft,5896.0,sqft,98126,560000.0
3,2.5,1570.0,sqft,1342.0,sqft,98103,700000.0
1,1.0,699.0,sqft,,,98199,390000.0
3,3.0,2650.0,sqft,8612.0,sqft,98105,1600000.0
2,1.5,1070.0,sqft,1726.0,sqft,98103,850000.0
3,0.5,1941.0,sqft,3726.0,sqft,98103,892700.0
3,2.5,2030.0,sqft,3999.0,sqft,98115,1439000.0
2,1.0,1620.0,sqft,0.39,acre,98178,619000.0
2,2.5,1400.0,sqft,1112.0,sqft,98103,850000.0
3,2.0,2354.0,sqft,4400.0,sqft,98115,938000.0
2,3.5,1155.0,sqft,,,98118,219700.0
3,1.0,1340.0,sqft,7669.0,sqft,98177,785000.0
2,1.0,903.0,sqft,4.06,acre,98146,363500.0
3,1.5,1220.0,sqft,6350.0,sqft,98103,599000.0
2,1.0,1250.0,sqft,4500.0,sqft,98118,500000.0
2,2.0,1040.0,sqft,6800.0,sqft,98133,625000.0
2,1.0,1660.0,sqft,4800.0,sqft,98109,850000.0
1,1.0,744.0,sqft,,,98115,345000.0
2,1.5,805.0,sqft,5000.0,sqft,98107,500000.0
3,1.0,1060.0,sqft,4000.0,sqft,98117,1125000.0
5,3.5,3160.0,sqft,6200.0,sqft,98112,2300000.0
3,3.0,1120.0,sqft,4800.0,sqft,98168,525000.0
4,2.5,1881.0,sqft,1881.0,sqft,98133,870000.0
5,2.5,3460.0,sqft,7464.0,sqft,98144,2425000.0
1,1.0,376.0,sqft,0.23,acre,98199,1000000.0
2,2.0,880.0,sqft,0.23,acre,98126,680000.0
1,1.0,794.0,sqft,,,98121,660000.0
3,2.0,1340.0,sqft,2211.0,sqft,98103,925000.0
4,2.5,2560.0,sqft,6582.0,sqft,98116,1712000.0
4,2.0,2178.0,sqft,6800.0,sqft,98133,880000.0
2,1.0,1180.0,sqft,,,98122,870260.0
4,3.5,3220.0,sqft,6250.0,sqft,98199,2195000.0
3,3.0,2070.0,sqft,4227.0,sqft,98136,730000.0
3,2.5,2131.0,sqft,1036.0,sqft,98119,1520000.0
2,3.0,970.0,sqft,593.0,sqft,98102,769900.0
6,3.5,2430.0,sqft,5580.0,sqft,98108,870000.0
3,2.5,1395.0,sqft,1418.0,sqft,98116,725000.0
3,2.5,1810.0,sqft,6925.0,sqft,98125,922000.0
2,1.0,904.0,sqft,,,98122,520000.0
1,1.0,717.0,sqft,0.27,acre,98109,425000.0
5,3.0,2170.0,sqft,7500.0,sqft,98178,775000.0
4,3.0,3120.0,sqft,9750.0,sqft,98144,1670000.0
3,2.0,1870.0,sqft,4000.0,sqft,98136,849000.0
4,3.5,2285.0,sqft,1792.0,sqft,98116,1500000.0
3,2.5,2783.0,sqft,7206.0,sqft,98199,1640000.0
4,2.0,2540.0,sqft,4700.0,sqft,98107,1280000.0
2,2.0,1734.0,sqft,,,98109,725000.0
2,1.0,1010.0,sqft,0.34,acre,98125,870000.0
3,2.5,1420.0,sqft,1873.0,sqft,98103,890000.0
3,1.0,1410.0,sqft,7080.0,sqft,98118,475000.0
3,2.0,2320.0,sqft,4000.0,sqft,98115,880000.0
1,1.0,553.0,sqft,,,98103,335000.0
3,2.0,1719.0,sqft,1056.0,sqft,98103,1160000.0
4,2.0,2037.0,sqft,3326.0,sqft,98119,1247500.0
1,1.0,954.0,sqft,,,98101,555000.0
2,1.5,1370.0,sqft,938.0,sqft,98115,700000.0
2,1.0,1480.0,sqft,6734.0,sqft,98117,905000.0
5,4.5,3636.0,sqft,6180.0,sqft,98115,2840000.0
3,1.5,1780.0,sqft,4800.0,sqft,98126,650000.0
3,2.0,1094.0,sqft,2332.0,sqft,98108,649995.0
1,1.0,830.0,sqft,5100.0,sqft,98103,695000.0
2,2.0,834.0,sqft,,,98126,351000.0
2,1.5,1035.0,sqft,,,98112,656500.0
4,3.0,2790.0,sqft,0.35,acre,98133,965000.0
2,2.0,859.0,sqft,,,98126,499950.0
4,3.5,5690.0,sqft,7469.0,sqft,98112,3630000.0
2,1.0,772.0,sqft,,,98103,409000.0
3,1.0,1430.0,sqft,0.37,acre,98168,499800.0
3,2.5,1460.0,sqft,1850.0,sqft,98106,575000.0
3,2.5,1386.0,sqft,1065.0,sqft,98107,999950.0
5,3.0,2310.0,sqft,4011.0,sqft,98106,780000.0
2,1.5,1340.0,sqft,4342.0,sqft,98115,675000.0
2,4.0,1291.0,sqft,1361.0,sqft,98116,800500.0
3,2.5,2320.0,sqft,4400.0,sqft,98116,949000.0
3,2.5,2150.0,sqft,0.32,acre,98116,1360000.0
2,2.0,1885.0,sqft,,,98115,550000.0
3,2.0,1425.0,sqft,759.0,sqft,98117,750000.0
3,2.5,1810.0,sqft,1436.0,sqft,98107,1000000.0
2,1.0,1280.0,sqft,2690.0,sqft,98118,859000.0
3,3.0,1480.0,sqft,9127.0,sqft,98117,729000.0
3,3.0,2110.0,sqft,7324.0,sqft,98177,1270000.0
2,1.0,1027.0,sqft,,,98115,300000.0
1,1.0,808.0,sqft,,,98101,730000.0
3,2.5,1569.0,sqft,1553.0,sqft,98107,950000.0
3,3.0,2247.0,sqft,866.0,sqft,98109,1725000.0
3,1.0,1220.0,sqft,5000.0,sqft,98107,750000.0
2,1.0,1060.0,sqft,3250.0,sqft,98103,900000.0
4,2.0,1920.0,sqft,0.41,acre,98118,1210000.0
1,1.0,804.0,sqft,,,98116,425000.0
2,1.0,813.0,sqft,,,98116,452500.0
4,1.5,1740.0,sqft,9205.0,sqft,98146,649950.0
3,1.5,2230.0,sqft,3500.0,sqft,98117,1075000.0
4,2.5,2760.0,sqft,6001.0,sqft,98178,640000.0
3,3.0,1660.0,sqft,625.0,sqft,98118,795000.0
3,2.5,1360.0,sqft,916.0,sqft,98112,805000.0
4,4.5,5200.0,sqft,7653.0,sqft,98118,2600000.0
3,2.5,1573.0,sqft,1255.0,sqft,98107,1030000.0
1,1.0,700.0,sqft,,,98101,645000.0
4,3.0,1700.0,sqft,7320.0,sqft,98146,649000.0
4,3.5,2560.0,sqft,4080.0,sqft,98144,1325000.0
3,2.0,1330.0,sqft,1539.0,sqft,98122,680000.0
4,2.0,2180.0,sqft,5100.0,sqft,98115,838000.0
3,2.0,1350.0,sqft,1055.0,sqft,98103,785000.0
2,1.5,1720.0,sqft,1588.0,sqft,98144,725000.0
4,3.5,3060.0,sqft,0.96,acre,98136,3931000.0
2,2.0,954.0,sqft,0.33,acre,98133,380000.0
2,2.5,1460.0,sqft,1536.0,sqft,98106,599950.0
4,3.0,1540.0,sqft,3060.0,sqft,98105,1108000.0
1,1.0,709.0,sqft,,,98109,470000.0
3,1.5,2560.0,sqft,6150.0,sqft,98118,720000.0
1,1.0,534.0,sqft,,,98119,324000.0
2,2.5,1440.0,sqft,3000.0,sqft,98144,875000.0
1,1.0,627.0,sqft,,,98121,462750.0
3,2.5,1324.0,sqft,2217.0,sqft,98126,649950.0
2,2.0,1290.0,sqft,1192.0,sqft,98125,635000.0
1,1.0,748.0,sqft,0.26,acre,98122,499000.0
2,2.5,1830.0,sqft,,,98116,1730000.0
3,2.0,1660.0,sqft,6120.0,sqft,98115,795000.0
3,1.0,1964.0,sqft,9050.0,sqft,98168,625000.0
3,2.0,1460.0,sqft,1554.0,sqft,98116,759000.0
1,1.0,683.0,sqft,0.29,acre,98119,450500.0
4,2.0,2060.0,sqft,5080.0,sqft,98115,812500.0
4,2.0,1160.0,sqft,4224.0,sqft,98103,710000.0
3,2.0,1540.0,sqft,1124.0,sqft,98144,680000.0
1,1.0,529.0,sqft,,,98118,265000.0
2,1.0,1860.0,sqft,2526.0,sqft,98105,898000.0
1,1.0,648.0,sqft,,,98115,515000.0
5,4.0,4490.0,sqft,5220.0,sqft,98122,1150000.0
6,4.0,2310.0,sqft,5012.0,sqft,98108,849000.0
3,3.5,3130.0,sqft,0.28,acre,98105,2350000.0
2,1.0,2110.0,sqft,8160.0,sqft,98146,376000.0
3,1.5,1590.0,sqft,3797.0,sqft,98108,700000.0
3,2.5,1280.0,sqft,1845.0,sqft,98105,900000.0
2,1.0,840.0,sqft,8150.0,sqft,98118,495000.0
3,2.0,2020.0,sqft,8120.0,sqft,98125,950000.0
4,3.0,3610.0,sqft,8037.0,sqft,98105,2330000.0
4,3.5,2336.0,sqft,,,98115,1080000.0
2,1.0,1040.0,sqft,6103.0,sqft,98133,350000.0
1,1.0,620.0,sqft,,,98119,399000.0
1,1.0,728.0,sqft,,,98119,360000.0
3,2.5,1970.0,sqft,2109.0,sqft,98103,715000.0
4,3.0,2190.0,sqft,5350.0,sqft,98115,1490000.0
4,3.0,2120.0,sqft,7721.0,sqft,98126,920000.0
2,2.0,1415.0,sqft,6.4,acre,98125,449000.0
4,3.5,1835.0,sqft,1750.0,sqft,98103,1299950.0
2,4.5,1670.0,sqft,905.0,sqft,98107,1115000.0
3,3.5,2570.0,sqft,4094.0,sqft,98105,2000000.0
3,2.0,2060.0,sqft,3090.0,sqft,98118,700000.0
3,2.5,1740.0,sqft,1389.0,sqft,98102,1678000.0
5,3.0,2510.0,sqft,5130.0,sqft,98103,910000.0
2,2.5,1000.0,sqft,,,98144,660000.0
3,2.0,1516.0,sqft,5000.0,sqft,98116,1150000.0
3,1.0,940.0,sqft,4850.0,sqft,98136,500000.0
4,2.0,2440.0,sqft,4002.0,sqft,98144,1116000.0
5,4.0,2470.0,sqft,5000.0,sqft,98118,1005000.0
2,2.0,1288.0,sqft,5365.0,sqft,98133,755000.0
4,3.5,3240.0,sqft,4680.0,sqft,98112,1995000.0
2,2.0,693.0,sqft,,,98119,490000.0
3,2.5,1550.0,sqft,1391.0,sqft,98107,825000.0
4,2.0,2080.0,sqft,7740.0,sqft,98106,750000.0
4,3.0,1400.0,sqft,5000.0,sqft,98107,1000000.0
2,2.5,1159.0,sqft,5250.0,sqft,98122,885000.0
2,1.5,901.0,sqft,4800.0,sqft,98107,599000.0
4,3.0,2900.0,sqft,7500.0,sqft,98136,1175000.0
4,2.5,2052.0,sqft,0.38,acre,98178,865000.0
1,1.0,773.0,sqft,,,98121,685000.0
2,2.0,1040.0,sqft,,,98118,345000.0
2,2.0,2353.0,sqft,8750.0,sqft,98116,1160000.0
2,2.0,1212.0,sqft,,,98136,600000.0
5,2.0,2640.0,sqft,2950.0,sqft,98122,1000000.0
2,1.0,1090.0,sqft,4500.0,sqft,98118,580000.0
5,2.5,3960.0,sqft,7680.0,sqft,98199,1850000.0
4,1.5,3030.0,sqft,5400.0,sqft,98112,1500000.0
4,2.5,3080.0,sqft,9300.0,sqft,98168,650000.0
1,1.0,700.0,sqft,,,98119,405000.0
2,1.5,1276.0,sqft,0.54,acre,98103,885000.0
3,1.0,910.0,sqft,7242.0,sqft,98168,480000.0
5,3.5,4180.0,sqft,4080.0,sqft,98109,3000000.0
1,1.0,852.0,sqft,,,98107,430000.0
5,1.5,2830.0,sqft,4000.0,sqft,98118,766000.0
2,1.0,970.0,sqft,5130.0,sqft,98116,600000.0
3,2.0,1576.0,sqft,1238.0,sqft,98122,974999.0
1,1.0,667.0,sqft,,,98115,327500.0
3,2.0,1080.0,sqft,5750.0,sqft,98116,875000.0
2,5.5,2659.0,sqft,0.52,acre,98102,6250000.0
5,5.0,3623.0,sqft,8000.0,sqft,98115,1975000.0
4,3.5,2520.0,sqft,3821.0,sqft,98199,1765000.0
4,3.5,2720.0,sqft,3024.0,sqft,98102,1750000.0
2,2.0,968.0,sqft,656.0,sqft,98103,715000.0
2,2.0,839.0,sqft,,,98133,385000.0
2,3.5,2080.0,sqft,1412.0,sqft,98103,1495000.0
2,2.0,693.0,sqft,,,98119,480000.0
2,2.5,1365.0,sqft,4.05,acre,98118,525000.0
2,1.0,1580.0,sqft,0.52,acre,98178,500000.0
2,1.0,860.0,sqft,6678.0,sqft,98116,750000.0
2,2.0,1038.0,sqft,0.33,acre,98116,600000.0
4,3.0,2860.0,sqft,4182.0,sqft,98103,1600000.0
1,1.0,557.0,sqft,,,98102,370000.0
2,2.0,1644.0,sqft,,,98101,2250000.0
5,2.0,2340.0,sqft,5120.0,sqft,98106,613000.0
3,2.5,1810.0,sqft,1436.0,sqft,98107,1000000.0
2,1.0,2530.0,sqft,5000.0,sqft,98122,700000.0
3,3.5,1820.0,sqft,1099.0,sqft,98122,1125000.0
2,1.0,648.0,sqft,4997.0,sqft,98107,430000.0
2,2.5,1448.0,sqft,0.54,acre,98103,1325000.0
2,1.0,1660.0,sqft,0.28,acre,98125,535000.0
5,3.0,2970.0,sqft,5250.0,sqft,98117,1225000.0
5,4.0,3030.0,sqft,5200.0,sqft,98108,1250000.0
3,2.0,1400.0,sqft,8910.0,sqft,98106,530000.0
2,1.5,900.0,sqft,1.0,acre,98133,549755.0
3,2.0,2740.0,sqft,5000.0,sqft,98144,1278500.0
2,1.0,720.0,sqft,6693.0,sqft,98117,545000.0
4,2.5,1880.0,sqft,3300.0,sqft,98117,1050000.0
3,2.5,1681.0,sqft,3.97,acre,98126,650000.0
4,2.0,3325.0,sqft,6000.0,sqft,98199,1650000.0
5,3.5,4397.0,sqft,6800.0,sqft,98105,3400000.0
3,1.5,1540.0,sqft,6300.0,sqft,98126,689000.0
3,1.0,1530.0,sqft,0.31,acre,98146,435000.0
2,2.0,1015.0,sqft,2.02,acre,98115,468000.0
4,3.0,2340.0,sqft,5023.0,sqft,98108,780000.0
1,1.0,836.0,sqft,,,98121,605000.0
1,1.0,492.0,sqft,,,98146,205000.0
3,3.0,1880.0,sqft,2200.0,sqft,98107,999950.0
2,2.0,1570.0,sqft,3060.0,sqft,98103,849000.0
4,2.5,1806.0,sqft,5000.0,sqft,98118,745000.0
2,2.0,1595.0,sqft,,,98119,945000.0
2,2.0,1526.0,sqft,,,98199,893000.0
3,2.5,1346.0,sqft,1270.0,sqft,98107,899000.0
3,2.0,1600.0,sqft,8640.0,sqft,98117,877500.0
2,2.0,1170.0,sqft,0.42,acre,98112,655000.0
3,2.5,1660.0,sqft,1681.0,sqft,98144,690000.0
1,1.0,707.0,sqft,4.66,acre,98133,325000.0
3,2.0,1390.0,sqft,6656.0,sqft,98116,899950.0
3,2.0,2900.0,sqft,3800.0,sqft,98199,1305000.0
1,1.0,704.0,sqft,1.0,acre,98144,519950.0
3,4.0,2400.0,sqft,5563.0,sqft,98122,1460000.0
3,1.0,1120.0,sqft,4000.0,sqft,98112,985000.0
4,2.0,1710.0,sqft,3250.0,sqft,98117,1170000.0
3,2.0,1880.0,sqft,1751.0,sqft,98122,955000.0
3,3.0,1454.0,sqft,760.0,sqft,98122,890955.0
14,5.0,3884.0,sqft,4968.0,sqft,98106,1300000.0
3,1.5,2300.0,sqft,4100.0,sqft,98107,1125000.0
4,3.0,2520.0,sqft,3000.0,sqft,98105,1025000.0
4,3.0,3335.0,sqft,6000.0,sqft,98115,1325000.0
3,2.5,2118.0,sqft,2466.0,sqft,98118,837000.0
2,1.0,910.0,sqft,4800.0,sqft,98117,825000.0
4,1.0,2080.0,sqft,4845.0,sqft,98117,800000.0
2,1.0,2520.0,sqft,5000.0,sqft,98122,810000.0
3,2.0,1560.0,sqft,5056.0,sqft,98116,965000.0
2,1.0,1130.0,sqft,4388.0,sqft,98199,1180000.0
1,1.0,543.0,sqft,1.21,acre,98121,425000.0
1,1.0,620.0,sqft,6090.0,sqft,98178,524950.0
3,3.0,1720.0,sqft,8370.0,sqft,98177,865000.0
2,2.0,1015.0,sqft,2.02,acre,98115,500000.0
1,1.0,530.0,sqft,2500.0,sqft,98118,390800.0
4,2.0,1350.0,sqft,5300.0,sqft,98106,700000.0
3,2.5,1510.0,sqft,2656.0,sqft,98133,717500.0
1,1.5,1021.0,sqft,,,98101,1099900.0
3,1.0,1730.0,sqft,4200.0,sqft,98103,900000.0
2,2.0,3120.0,sqft,0.33,acre,98118,1050000.0
4,2.5,2172.0,sqft,3431.0,sqft,98105,975000.0
3,3.5,1410.0,sqft,1478.0,sqft,98117,740000.0
1,1.0,578.0,sqft,,,98121,379000.0
2,2.0,1350.0,sqft,4590.0,sqft,98117,960000.0
2,2.0,900.0,sqft,2041.0,sqft,98102,1650000.0
2,2.5,1865.0,sqft,,,98109,890000.0
2,2.0,1174.0,sqft,800.0,sqft,98109,779000.0
3,1.5,1250.0,sqft,0.27,acre,98178,552000.0
5,3.0,3590.0,sqft,6900.0,sqft,98117,1700000.0
3,2.0,1548.0,sqft,1139.0,sqft,98117,850000.0
4,3.0,3030.0,sqft,6960.0,sqft,98115,1119000.0
1,1.0,622.0,sqft,,,98103,387000.0
4,2.0,2245.0,sqft,7892.0,sqft,98178,775000.0
4,3.5,2627.0,sqft,5150.0,sqft,98118,1650000.0
4,2.5,3680.0,sqft,7000.0,sqft,98118,1880000.0
2,1.0,2170.0,sqft,6985.0,sqft,98199,950000.0
3,1.0,1600.0,sqft,3600.0,sqft,98119,1023000.0
2,2.5,2803.0,sqft,,,98101,2320000.0
3,1.5,2120.0,sqft,3880.0,sqft,98105,865000.0
3,2.5,1980.0,sqft,5000.0,sqft,98146,675000.0
3,2.0,1370.0,sqft,3060.0,sqft,98103,1270000.0
1,1.0,723.0,sqft,,,98133,315000.0
4,1.5,1300.0,sqft,4080.0,sqft,98122,975000.0
3,2.0,1060.0,sqft,5290.0,sqft,98106,599000.0
1,1.0,531.0,sqft,,,98121,396000.0
2,1.0,770.0,sqft,5772.0,sqft,98106,490000.0
4,3.0,2470.0,sqft,0.29,acre,98115,1180000.0
3,2.5,2260.0,sqft,4000.0,sqft,98103,1406000.0
2,1.5,1120.0,sqft,966.0,sqft,98103,605000.0
3,3.5,1936.0,sqft,1770.0,sqft,98122,1295000.0
2,2.5,1560.0,sqft,1263.0,sqft,98117,730000.0
2,2.0,1020.0,sqft,776.0,sqft,98118,605000.0
3,2.0,1100.0,sqft,2700.0,sqft,98122,645000.0
3,2.0,2120.0,sqft,6400.0,sqft,98103,1130000.0
2,2.5,1400.0,sqft,824.0,sqft,98102,1062500.0
2,2.0,1429.0,sqft,,,98126,855000.0
3,2.5,1320.0,sqft,1396.0,sqft,98117,835000.0
4,4.5,4790.0,sqft,5000.0,sqft,98144,1750000.0
3,1.0,1070.0,sqft,6535.0,sqft,98168,515000.0
2,2.5,1966.0,sqft,1412.0,sqft,98103,1495000.0
2,2.0,1146.0,sqft,1.0,acre,98116,675000.0
3,2.5,1047.0,sqft,680.0,sqft,98144,720000.0
2,1.5,1760.0,sqft,4000.0,sqft,98144,650000.0
2,2.0,1030.0,sqft,7200.0,sqft,98125,826500.0
3,2.0,1514.0,sqft,990.0,sqft,98107,915000.0
3,1.5,1520.0,sqft,7150.0,sqft,98146,720000.0
4,3.5,3360.0,sqft,6000.0,sqft,98136,1575000.0
3,2.0,1910.0,sqft,7500.0,sqft,98136,725000.0
2,2.5,1550.0,sqft,1131.0,sqft,98122,1051500.0
1,1.0,641.0,sqft,,,98122,349000.0
3,3.0,1190.0,sqft,850.0,sqft,98144,765000.0
4,2.0,2640.0,sqft,3840.0,sqft,98122,700000.0
2,1.5,938.0,sqft,,,98106,425000.0
3,3.5,2206.0,sqft,1500.0,sqft,98103,1116000.0
1,1.0,680.0,sqft,,,98104,355000.0
2,1.0,749.0,sqft,,,98103,489000.0
2,2.0,1353.0,sqft,,,98115,785000.0
1,1.0,250.0,sqft,250.0,acre,98103,159000.0
8,4.0,3136.0,sqft,8636.0,sqft,98146,1005000.0
2,2.0,1149.0,sqft,564.0,sqft,98115,730000.0
1,1.0,861.0,sqft,9600.0,sqft,98126,405000.0
4,2.5,2050.0,sqft,9555.0,sqft,98177,805000.0
2,2.0,1106.0,sqft,,,98109,700000.0
3,3.5,1930.0,sqft,6000.0,sqft,98125,600000.0
4,3.0,3090.0,sqft,0.34,acre,98168,210000.0
3,2.0,2437.0,sqft,6500.0,sqft,98118,1275000.0
2,2.5,1330.0,sqft,856.0,sqft,98105,699950.0
3,2.0,1680.0,sqft,6000.0,sqft,98136,910000.0
2,2.0,834.0,sqft,,,98115,552450.0
2,2.0,1112.0,sqft,1484.0,sqft,98177,675000.0
1,1.0,626.0,sqft,2.63,acre,98115,275000.0
2,1.0,1230.0,sqft,5000.0,sqft,98144,326000.0
4,2.5,2840.0,sqft,4480.0,sqft,98105,1200000.0
2,1.5,1115.0,sqft,745.0,sqft,98107,745000.0
4,2.0,2240.0,sqft,5043.0,sqft,98106,750000.0
3,3.0,1687.0,sqft,,,98115,946000.0
4,3.0,1900.0,sqft,2256.0,sqft,98103,1150000.0
3,3.0,1970.0,sqft,8540.0,sqft,98177,1395000.0
3,2.5,1512.0,sqft,1041.0,sqft,98144,760000.0
1,1.0,696.0,sqft,,,98122,449000.0
2,1.5,806.0,sqft,4001.0,sqft,98106,510000.0
2,2.0,1319.0,sqft,794.0,sqft,98107,838000.0
2,1.0,2300.0,sqft,8799.0,sqft,98168,525000.0
2,1.5,1127.0,sqft,5500.0,sqft,98102,1008000.0
4,2.0,2280.0,sqft,8000.0,sqft,98168,640000.0
2,2.0,1120.0,sqft,1168.0,sqft,98126,789500.0
4,3.0,1960.0,sqft,5200.0,sqft,98136,1270000.0
1,1.0,627.0,sqft,0.34,acre,98101,335000.0
2,2.0,1228.0,sqft,900.0,sqft,98109,900000.0
3,2.0,1800.0,sqft,3172.0,sqft,98117,1130000.0
1,1.0,883.0,sqft,,,98119,500000.0
4,1.0,1190.0,sqft,7320.0,sqft,98106,463900.0
5,5.5,5770.0,sqft,8226.0,sqft,98122,5000000.0
2,2.5,1710.0,sqft,962.0,sqft,98117,875000.0
2,2.0,968.0,sqft,656.0,sqft,98103,700000.0
2,1.0,790.0,sqft,5877.0,sqft,98178,532500.0
1,1.0,376.0,sqft,0.23,acre,98199,1000000.0
6,5.5,4510.0,sqft,0.28,acre,98178,2202718.0
3,2.0,1300.0,sqft,3914.0,sqft,98199,1100000.0
3,3.5,2106.0,sqft,1785.0,sqft,98115,1266000.0
3,2.5,1573.0,sqft,1243.0,sqft,98107,1099950.0
4,2.0,2870.0,sqft,2.27,acre,98168,703500.0
4,3.5,4006.0,sqft,5000.0,sqft,98199,2940000.0
2,1.0,1060.0,sqft,5666.0,sqft,98108,875000.0
1,1.0,562.0,sqft,,,98199,285000.0
3,2.5,1610.0,sqft,1426.0,sqft,98199,840000.0
2,3.0,1212.0,sqft,0.7,acre,98136,600000.0
4,2.5,2390.0,sqft,3570.0,sqft,98115,1350000.0
2,1.0,1080.0,sqft,6000.0,sqft,98199,950000.0
2,1.0,1350.0,sqft,6500.0,sqft,98126,850000.0
4,3.5,2795.0,sqft,6400.0,sqft,98122,1740000.0
2,2.0,1369.0,sqft,,,98116,720000.0
2,1.0,970.0,sqft,2714.0,sqft,98103,1075000.0
3,3.5,1820.0,sqft,1101.0,sqft,98122,1250000.0
3,2.0,1770.0,sqft,7242.0,sqft,98168,500000.0
6,4.0,3280.0,sqft,5650.0,sqft,98118,999950.0
3,1.0,1260.0,sqft,0.32,acre,98168,440000.0
4,2.5,1939.0,sqft,2499.0,sqft,98107,1025000.0
1,1.0,610.0,sqft,,,98101,679950.0
4,3.0,2200.0,sqft,5586.0,sqft,98118,874999.0
3,3.5,3036.0,sqft,,,98121,3250000.0
3,2.5,1861.0,sqft,,,98121,1395000.0
3,2.0,1650.0,sqft,5075.0,sqft,98126,750000.0
1,1.0,722.0,sqft,,,98118,299900.0
3,2.0,1260.0,sqft,2640.0,sqft,98133,615000.0
2,2.5,2714.0,sqft,,,98102,1735000.0
2,2.0,1020.0,sqft,776.0,sqft,98118,605000.0
3,3.5,1471.0,sqft,,,98144,799990.0
3,2.5,1500.0,sqft,1235.0,sqft,98119,1023500.0
2,1.0,1080.0,sqft,6000.0,sqft,98118,650000.0
4,2.5,1544.0,sqft,1562.0,sqft,98117,889000.0
2,2.0,1004.0,sqft,,,98125,320000.0
4,2.0,1470.0,sqft,4000.0,sqft,98118,460000.0
4,2.0,1680.0,sqft,2600.0,sqft,98107,930000.0
4,2.0,2420.0,sqft,3680.0,sqft,98126,948750.0
4,3.5,2011.0,sqft,2421.0,sqft,98136,1130000.0
2,2.0,896.0,sqft,,,98107,549250.0
2,2.0,1415.0,sqft,,,98125,445000.0
2,2.5,840.0,sqft,846.0,sqft,98144,629000.0
1,1.0,434.0,sqft,6600.0,sqft,98102,345000.0
4,2.5,2730.0,sqft,5724.0,sqft,98146,1175000.0
3,1.5,1350.0,sqft,2497.0,sqft,98118,599000.0
3,3.5,1740.0,sqft,2061.0,sqft,98122,840000.0
3,2.5,1940.0,sqft,2880.0,sqft,98118,1140000.0
4,1.0,1340.0,sqft,6000.0,sqft,98144,685000.0
2,2.0,1110.0,sqft,1650.0,sqft,98103,689000.0
3,2.5,1380.0,sqft,1550.0,sqft,98115,613000.0
3,2.5,1400.0,sqft,1001.0,sqft,98136,785000.0
3,2.0,2110.0,sqft,4000.0,sqft,98108,815000.0
1,1.0,557.0,sqft,0.88,acre,98102,399950.0
3,2.0,1830.0,sqft,5850.0,sqft,98126,835000.0
3,2.0,1480.0,sqft,5000.0,sqft,98116,780000.0
3,1.5,1550.0,sqft,8070.0,sqft,98133,835000.0
3,2.0,1670.0,sqft,8573.0,sqft,98146,620000.0
4,2.5,2890.0,sqft,3060.0,sqft,98115,1650000.0
3,3.5,1590.0,sqft,1781.0,sqft,98136,820000.0
1,1.0,630.0,sqft,0.4,acre,98109,439900.0
4,2.0,1440.0,sqft,4560.0,sqft,98126,760000.0
3,2.5,2529.0,sqft,3000.0,sqft,98122,1650000.0
3,3.0,1086.0,sqft,0.37,acre,98144,539950.0
3,2.0,1565.0,sqft,2500.0,sqft,98103,985000.0
2,2.0,916.0,sqft,,,98121,760000.0
3,7.0,2190.0,sqft,5504.0,sqft,98112,1868000.0
2,2.0,1400.0,sqft,3060.0,sqft,98115,530000.0
3,3.5,1352.0,sqft,1680.0,sqft,98115,886000.0
4,4.0,2030.0,sqft,5400.0,sqft,98115,1349000.0
3,2.0,1455.0,sqft,1.0,acre,98117,959822.0
5,4.0,3240.0,sqft,8820.0,sqft,98199,1825000.0
3,2.0,924.0,sqft,0.26,acre,98126,422000.0
2,2.0,1470.0,sqft,,,98115,825000.0
3,2.0,1758.0,sqft,1350.0,sqft,98103,1130000.0
3,2.5,1830.0,sqft,1175.0,sqft,98116,960000.0
2,1.0,1019.0,sqft,,,98107,640000.0
4,3.0,2970.0,sqft,4000.0,sqft,98102,1950000.0
3,3.5,1500.0,sqft,1182.0,sqft,98103,700000.0
3,2.0,2020.0,sqft,6000.0,sqft,98119,900000.0
3,3.5,2188.0,sqft,4920.0,sqft,98112,1700000.0
1,1.0,507.0,sqft,,,98101,460000.0
2,1.5,1131.0,sqft,1.0,acre,98144,699950.0
2,2.0,982.0,sqft,,,98122,705000.0
2,2.0,1889.0,sqft,9601.0,sqft,98112,2750000.0
2,1.0,1440.0,sqft,,,98133,699990.0
2,2.0,789.0,sqft,,,98107,475000.0
2,2.0,1131.0,sqft,6018.0,sqft,98116,575000.0
4,3.0,3300.0,sqft,7700.0,sqft,98199,1995000.0
4,2.0,2510.0,sqft,5460.0,sqft,98115,1025000.0
2,2.5,1580.0,sqft,0.31,acre,98178,1790000.0
1,2.0,966.0,sqft,,,98121,640000.0
1,1.0,703.0,sqft,0.51,acre,98126,350000.0
2,2.0,1220.0,sqft,755.0,sqft,98118,600000.0
9,5.0,3590.0,sqft,4680.0,sqft,98117,1100400.0
6,5.5,4299.0,sqft,6867.0,sqft,98115,3300000.0
1,1.0,900.0,sqft,,,98105,369950.0
3,2.5,1260.0,sqft,1252.0,sqft,98117,750000.0
2,2.5,1048.0,sqft,1048.0,sqft,98115,760000.0
4,1.0,1470.0,sqft,8520.0,sqft,98125,699999.0
1,1.0,1113.0,sqft,9830.0,sqft,98102,595000.0
2,2.0,1570.0,sqft,3250.0,sqft,98103,715000.0
3,2.5,2740.0,sqft,4800.0,sqft,98117,1375000.0
2,2.5,1470.0,sqft,780.0,sqft,98103,885000.0
4,2.0,1710.0,sqft,9660.0,sqft,98118,685000.0
3,2.5,1580.0,sqft,1372.0,sqft,98103,1095000.0
2,1.0,800.0,sqft,6946.0,sqft,98125,550000.0
3,1.0,980.0,sqft,3000.0,sqft,98103,500000.0
5,3.5,3700.0,sqft,7581.0,sqft,98122,2075000.0
4,2.0,2352.0,sqft,5000.0,sqft,98199,1450000.0
3,3.0,2320.0,sqft,9465.0,sqft,98125,675000.0
2,2.0,1503.0,sqft,6250.0,sqft,98108,729000.0
4,5.5,2410.0,sqft,9000.0,sqft,98146,1500000.0
2,1.5,950.0,sqft,1.0,acre,98103,1270000.0
3,1.5,1640.0,sqft,5196.0,sqft,98103,1060000.0
3,1.5,2440.0,sqft,4000.0,sqft,98112,1400000.0
1,1.0,594.0,sqft,0.39,acre,98105,405000.0
4,2.0,1480.0,sqft,6075.0,sqft,98118,665000.0
3,2.5,1220.0,sqft,1136.0,sqft,98118,618000.0
3,2.0,2740.0,sqft,8340.0,sqft,98177,1305000.0
3,3.0,2160.0,sqft,6710.0,sqft,98118,1300000.0
2,2.0,1400.0,sqft,802.0,sqft,98199,850000.0
3,2.5,2650.0,sqft,7548.0,sqft,98136,1112000.0
2,2.0,2735.0,sqft,0.3,acre,98121,871000.0
1,1.0,750.0,sqft,,,98116,420000.0
2,1.0,1201.0,sqft,5000.0,sqft,98126,605000.0
6,6.0,3488.0,sqft,2388.0,sqft,98103,1225000.0
4,2.0,1742.0,sqft,1.25,acre,98105,781000.0
4,2.0,2390.0,sqft,5535.0,sqft,98105,1195000.0
3,1.0,4018.0,sqft,5000.0,sqft,98122,517500.0
3,3.5,1530.0,sqft,3000.0,sqft,98117,1089000.0
1,1.0,600.0,sqft,,,98112,370000.0
5,3.5,3340.0,sqft,3600.0,sqft,98112,2500000.0
2,1.0,2060.0,sqft,6000.0,sqft,98106,525000.0
3,2.5,1650.0,sqft,2752.0,sqft,98106,675000.0
1,1.0,640.0,sqft,0.4,acre,98144,497000.0
2,2.0,1106.0,sqft,0.29,acre,98109,1470000.0
2,2.0,1200.0,sqft,8000.0,sqft,98199,519000.0
3,2.5,1390.0,sqft,1570.0,sqft,98126,575000.0
3,2.0,1759.0,sqft,1188.0,sqft,98116,890000.0
2,1.5,1690.0,sqft,5027.0,sqft,98118,779000.0
4,3.5,2191.0,sqft,4120.0,sqft,98103,1394600.0
3,2.5,1380.0,sqft,1022.0,sqft,98144,655000.0
2,2.0,877.0,sqft,2.63,acre,98115,415000.0
5,4.0,2754.0,sqft,3969.0,sqft,98126,956000.0
3,2.0,2770.0,sqft,7770.0,sqft,98115,700000.0
1,1.0,515.0,sqft,,,98116,309000.0
3,2.0,2029.0,sqft,9.2,acre,98115,685000.0
4,3.0,2560.0,sqft,9956.0,sqft,98115,890000.0
5,3.5,2966.0,sqft,1.0,acre,98126,1263500.0
3,2.5,1763.0,sqft,2498.0,sqft,98117,1135000.0
3,2.5,1550.0,sqft,7089.0,sqft,98116,1350000.0
2,1.0,830.0,sqft,6600.0,sqft,98177,645000.0
2,2.0,1019.0,sqft,,,98119,499000.0
1,1.0,696.0,sqft,,,98105,385000.0
5,3.5,5090.0,sqft,0.27,acre,98102,4325000.0
3,4.5,1460.0,sqft,1231.0,sqft,98108,700000.0
2,2.0,1036.0,sqft,656.0,sqft,98103,789950.0
1,1.0,854.0,sqft,,,98103,540000.0
3,3.0,1687.0,sqft,1.0,acre,98115,1035000.0
3,1.5,1430.0,sqft,8992.0,sqft,98168,438000.0
2,2.0,1960.0,sqft,7405.0,sqft,98168,580000.0
4,3.5,2720.0,sqft,7598.0,sqft,98115,1395000.0
1,1.0,706.0,sqft,0.46,acre,98116,520000.0
3,2.0,2600.0,sqft,4200.0,sqft,98144,1525000.0
3,2.0,1900.0,sqft,6093.0,sqft,98115,965000.0
2,1.5,1580.0,sqft,6120.0,sqft,98115,1300000.0
1,1.0,1270.0,sqft,5640.0,sqft,98108,915000.0
4,2.5,2320.0,sqft,9500.0,sqft,98108,1001000.0
3,1.0,910.0,sqft,0.35,acre,98106,650000.0
2,2.0,878.0,sqft,,,98121,675000.0
2,1.0,1915.0,sqft,5077.0,sqft,98133,725000.0
3,2.0,2462.0,sqft,3200.0,sqft,98119,1150000.0
4,3.5,2640.0,sqft,3062.0,sqft,98103,1750000.0
3,2.5,1670.0,sqft,1304.0,sqft,98144,875000.0
3,1.0,1090.0,sqft,7258.0,sqft,98133,630000.0
3,3.5,1621.0,sqft,987.0,sqft,98109,1085000.0
4,2.0,2591.0,sqft,6900.0,sqft,98125,800000.0
2,2.0,1400.0,sqft,,,98119,1295000.0
2,2.5,840.0,sqft,897.0,sqft,98118,612500.0
4,3.5,2910.0,sqft,3491.0,sqft,98115,2325000.0
2,1.0,1410.0,sqft,5000.0,sqft,98118,590000.0
2,1.0,770.0,sqft,4672.0,sqft,98106,560000.0
3,2.0,1900.0,sqft,6957.0,sqft,98199,1299000.0
3,2.0,2760.0,sqft,5195.0,sqft,98119,1256000.0
3,2.0,1290.0,sqft,2700.0,sqft,98144,925000.0
3,2.0,1111.0,sqft,,,98112,849000.0
2,2.0,850.0,sqft,6120.0,sqft,98115,889900.0
2,1.5,900.0,sqft,900.0,sqft,98105,568000.0
6,5.0,2667.0,sqft,4000.0,sqft,98122,900000.0
2,1.5,1320.0,sqft,6080.0,sqft,98116,810000.0
2,2.0,1370.0,sqft,,,98117,500000.0
2,1.0,1140.0,sqft,4920.0,sqft,98106,528000.0
3,1.0,1380.0,sqft,4080.0,sqft,98117,890000.0
3,2.0,1422.0,sqft,1405.0,sqft,98117,780000.0
2,2.0,1065.0,sqft,,,98126,430000.0
2,3.0,2943.0,sqft,3.06,acre,98105,1650000.0
3,2.0,1250.0,sqft,6000.0,sqft,98106,625000.0
3,2.0,2390.0,sqft,0.25,acre,98133,1150000.0
1,1.0,569.0,sqft,,,98102,400000.0
3,2.0,1680.0,sqft,5000.0,sqft,98199,1087500.0
1,1.0,683.0,sqft,,,98101,679000.0
1,1.0,627.0,sqft,,,98121,475000.0
2,2.0,840.0,sqft,1452.0,sqft,98116,645000.0
3,1.5,1880.0,sqft,6215.0,sqft,98125,749000.0
2,2.0,881.0,sqft,6000.0,sqft,98103,550000.0
2,1.0,850.0,sqft,4000.0,sqft,98144,778000.0
1,1.0,525.0,sqft,,,98103,375000.0
3,1.5,2170.0,sqft,3000.0,sqft,98109,1250000.0
2,1.0,1110.0,sqft,5413.0,sqft,98125,820000.0
4,3.5,3930.0,sqft,4000.0,sqft,98102,2925000.0
2,1.0,1047.0,sqft,,,98102,762500.0
1,1.0,653.0,sqft,,,98122,475000.0
3,1.5,1710.0,sqft,1250.0,sqft,98122,1000000.0
5,3.0,2120.0,sqft,1959.0,sqft,98126,750000.0
3,4.0,2360.0,sqft,5080.0,sqft,98115,1325000.0
4,4.0,2250.0,sqft,6600.0,sqft,98106,1070000.0
4,2.0,2320.0,sqft,6960.0,sqft,98115,1150000.0
4,3.5,3490.0,sqft,0.27,acre,98115,1480000.0
4,2.5,2500.0,sqft,4046.0,sqft,98117,1295000.0
2,1.0,792.0,sqft,,,98102,520000.0
2,2.5,1490.0,sqft,7547.0,sqft,98115,855000.0
3,2.5,1700.0,sqft,2125.0,sqft,98102,1475000.0
2,2.0,1261.0,sqft,978.0,sqft,98125,625000.0
4,2.0,2440.0,sqft,2168.0,sqft,98122,1060000.0
3,2.5,1420.0,sqft,2929.0,sqft,98108,750000.0
3,2.0,1380.0,sqft,815.0,sqft,98122,740000.0
3,2.0,1111.0,sqft,719.0,sqft,98112,849000.0
3,1.5,1920.0,sqft,6300.0,sqft,98133,865000.0
3,1.5,1220.0,sqft,2242.0,sqft,98144,660000.0
3,3.0,4010.0,sqft,8207.0,sqft,98112,3050000.0
2,2.0,1170.0,sqft,588.0,sqft,98144,644999.0
3,2.5,1600.0,sqft,695.0,sqft,98144,699900.0
1,1.0,760.0,sqft,,,98119,309000.0
2,1.5,1290.0,sqft,1748.0,sqft,98144,762500.0
2,1.0,980.0,sqft,3200.0,sqft,98112,800000.0
2,1.5,1022.0,sqft,,,98144,660000.0
2,1.5,1260.0,sqft,3858.0,sqft,98118,715000.0
5,2.0,2660.0,sqft,6400.0,sqft,98136,1125000.0
1,1.0,644.0,sqft,,,98122,350000.0
1,1.0,664.0,sqft,,,98102,305000.0
1,1.0,468.0,sqft,,,98109,275000.0
4,3.0,2680.0,sqft,6402.0,sqft,98115,2100000.0
4,2.0,1640.0,sqft,4400.0,sqft,98136,730000.0
3,2.0,2000.0,sqft,5632.0,sqft,98115,925000.0
2,2.0,1523.0,sqft,864.0,sqft,98125,639950.0
4,3.0,2430.0,sqft,9500.0,sqft,98146,520000.0
2,2.0,1199.0,sqft,1.06,acre,98117,375000.0
4,3.0,2160.0,sqft,6298.0,sqft,98125,980000.0
4,2.5,1354.0,sqft,,,98118,485000.0
1,1.0,738.0,sqft,,,98101,490000.0
2,2.0,1425.0,sqft,0.42,acre,98104,899000.0
6,7.0,4570.0,sqft,0.29,acre,98105,1950000.0
2,1.5,940.0,sqft,1740.0,sqft,98144,640000.0
3,3.5,1710.0,sqft,1728.0,sqft,98126,699000.0
3,2.5,1430.0,sqft,1102.0,sqft,98103,855000.0
3,3.5,1500.0,sqft,1274.0,sqft,98118,598800.0
3,1.5,1376.0,sqft,1169.0,sqft,98107,780000.0
4,3.5,4002.0,sqft,5000.0,sqft,98116,2100000.0
4,1.0,1600.0,sqft,0.27,acre,98115,652000.0
1,1.0,807.0,sqft,,,98122,380000.0
5,3.0,2055.0,sqft,4000.0,sqft,98122,1100000.0
1,1.0,647.0,sqft,7197.0,sqft,98102,377500.0
2,2.0,940.0,sqft,585.0,sqft,98115,579000.0
2,1.5,1150.0,sqft,1262.0,sqft,98125,590000.0
2,2.5,1459.0,sqft,887.0,sqft,98103,665000.0
4,2.5,1910.0,sqft,3000.0,sqft,98103,1625000.0
4,3.0,2297.0,sqft,7200.0,sqft,98178,783000.0
4,2.5,2320.0,sqft,5001.0,sqft,98118,820000.0
5,3.5,2387.0,sqft,5445.0,sqft,98133,1125000.0
5,3.5,3270.0,sqft,4080.0,sqft,98115,2000000.0
3,2.5,1530.0,sqft,1482.0,sqft,98126,899999.0
2,1.0,1150.0,sqft,6340.0,sqft,98136,845714.0
3,2.0,1237.0,sqft,4760.0,sqft,98106,747250.0
3,2.5,1760.0,sqft,1143.0,sqft,98136,850000.0
1,1.0,808.0,sqft,,,98164,560000.0
2,2.0,2720.0,sqft,4958.0,sqft,98144,720000.0
4,2.0,1345.0,sqft,2808.0,sqft,98103,962000.0
4,3.0,2600.0,sqft,6840.0,sqft,98115,1750000.0
3,2.0,2209.0,sqft,2734.0,sqft,98115,715000.0
2,2.5,950.0,sqft,1748.0,sqft,98107,695000.0
4,2.5,1530.0,sqft,3060.0,sqft,98146,675000.0
2,1.0,830.0,sqft,6180.0,sqft,98103,942000.0
3,2.0,1590.0,sqft,910.0,sqft,98117,910000.0
3,3.0,1524.0,sqft,513.0,sqft,98122,850000.0
4,3.0,1920.0,sqft,7455.0,sqft,98125,2095000.0
4,2.0,2660.0,sqft,5243.0,sqft,98115,1357000.0
3,2.0,2284.0,sqft,6395.0,sqft,98136,850000.0
3,2.5,1604.0,sqft,1040.0,sqft,98144,760000.0
4,4.0,2555.0,sqft,4000.0,sqft,98105,1500000.0
3,1.5,2460.0,sqft,0.35,acre,98115,1150000.0
3,2.5,2793.0,sqft,1734.0,sqft,98109,1732000.0
2,1.5,1540.0,sqft,4800.0,sqft,98106,751000.0
3,1.0,950.0,sqft,7320.0,sqft,98106,589000.0
3,1.5,1720.0,sqft,0.33,acre,98168,426000.0
2,2.0,1470.0,sqft,7443.0,sqft,98125,707000.0
5,2.5,3500.0,sqft,0.33,acre,98146,875000.0
2,1.5,984.0,sqft,,,98116,499999.0
3,2.5,1570.0,sqft,1362.0,sqft,98103,901000.0
1,1.0,700.0,sqft,,,98122,647201.0
2,2.0,1188.0,sqft,0.43,acre,98119,450000.0
3,2.5,2570.0,sqft,0.28,acre,98118,1175000.0
3,2.5,1631.0,sqft,1485.0,sqft,98103,1049950.0
3,2.0,1596.0,sqft,0.64,acre,98105,505000.0
2,2.5,820.0,sqft,1293.0,sqft,98126,525000.0
3,2.5,1610.0,sqft,1500.0,sqft,98119,875000.0
1,1.0,812.0,sqft,,,98107,480000.0
3,2.0,1425.0,sqft,729.0,sqft,98117,759999.0
2,2.5,1086.0,sqft,2068.0,sqft,98115,884950.0
2,2.5,1043.0,sqft,990.0,sqft,98117,690000.0
3,2.0,1440.0,sqft,4239.0,sqft,98119,1195000.0
1,1.0,590.0,sqft,1549.0,sqft,98106,435000.0
2,2.0,1152.0,sqft,,,98121,1325000.0
4,2.0,2040.0,sqft,4178.0,sqft,98112,1175000.0
3,2.0,2092.0,sqft,,,98102,2000000.0
3,1.0,1780.0,sqft,5000.0,sqft,98144,975000.0
3,2.5,3560.0,sqft,5000.0,sqft,98116,1575000.0
2,2.5,1475.0,sqft,3753.0,sqft,98103,945000.0
4,2.5,1890.0,sqft,3000.0,sqft,98178,668000.0
4,2.0,2790.0,sqft,6250.0,sqft,98126,930000.0
4,3.5,2600.0,sqft,3900.0,sqft,98122,2225000.0
3,2.0,1060.0,sqft,8910.0,sqft,98106,575000.0
3,1.0,2180.0,sqft,0.25,acre,98125,720000.0
2,2.0,1761.0,sqft,,,98115,665000.0
3,2.0,1379.0,sqft,3353.0,sqft,98125,729950.0
3,1.5,2550.0,sqft,4080.0,sqft,98105,958748.0
4,3.5,3815.0,sqft,3960.0,sqft,98116,2895000.0
4,2.0,2634.0,sqft,7475.0,sqft,98115,1500000.0
1,1.0,540.0,sqft,0.35,acre,98104,335000.0
3,3.5,3064.0,sqft,,,98121,2450000.0
2,1.0,860.0,sqft,4800.0,sqft,98108,565000.0
3,2.5,1690.0,sqft,7200.0,sqft,98125,807500.0
3,3.5,1800.0,sqft,1545.0,sqft,98103,750000.0
2,2.0,1071.0,sqft,,,98119,605000.0
2,1.0,807.0,sqft,,,98103,525000.0
3,2.5,1350.0,sqft,662.0,sqft,98119,899000.0
4,2.0,2900.0,sqft,4700.0,sqft,98144,1275000.0
3,3.0,1880.0,sqft,2200.0,sqft,98107,999950.0
1,1.0,677.0,sqft,0.68,acre,98115,270000.0
1,1.0,703.0,sqft,,,98103,498000.0
1,1.0,527.0,sqft,,,98122,399000.0
1,1.0,820.0,sqft,5100.0,sqft,98118,530000.0
3,2.5,1360.0,sqft,1248.0,sqft,98103,700000.0
4,3.5,2600.0,sqft,4000.0,sqft,98117,1950000.0
4,3.5,2852.0,sqft,3178.0,sqft,98102,1715000.0
3,3.5,1370.0,sqft,1125.0,sqft,98133,619000.0
3,1.5,2000.0,sqft,4800.0,sqft,98112,1400000.0
3,2.0,1096.0,sqft,,,98117,849950.0
3,3.5,3380.0,sqft,7531.0,sqft,98177,1599500.0
3,2.5,1616.0,sqft,,,98116,990000.0
3,3.0,1620.0,sqft,5760.0,sqft,98136,1058000.0
2,2.0,970.0,sqft,,,98102,634400.0
1,2.0,1009.0,sqft,,,98116,525000.0
3,2.0,2270.0,sqft,7920.0,sqft,98122,1550000.0
3,1.0,1200.0,sqft,9180.0,sqft,98168,500000.0
2,2.0,1225.0,sqft,960.0,sqft,98115,725000.0
2,2.0,1081.0,sqft,,,98144,620000.0
3,2.0,1380.0,sqft,8580.0,sqft,98125,775000.0
2,1.0,1200.0,sqft,6200.0,sqft,98103,1025100.0
2,2.0,1620.0,sqft,3090.0,sqft,98103,835000.0
3,2.0,2950.0,sqft,5350.0,sqft,98199,1500000.0
1,1.0,513.0,sqft,,,98121,315000.0
4,2.0,2100.0,sqft,3600.0,sqft,98116,1225000.0
3,2.0,1705.0,sqft,7680.0,sqft,98177,910000.0
4,4.5,3610.0,sqft,4500.0,sqft,98112,2800000.0
3,3.5,1800.0,sqft,1563.0,sqft,98103,1050000.0
3,1.0,2130.0,sqft,3710.0,sqft,98117,850000.0
2,2.0,1367.0,sqft,1.98,acre,98121,1350000.0
3,2.5,1730.0,sqft,2757.0,sqft,98125,800000.0
4,3.5,4194.0,sqft,5400.0,sqft,98112,3500000.0
9,9.0,3780.0,sqft,5020.0,sqft,98119,1210000.0
2,2.0,1778.0,sqft,,,98112,1900000.0
3,3.0,1410.0,sqft,826.0,sqft,98107,865000.0
2,2.0,1088.0,sqft,,,98133,475000.0
4,1.0,1340.0,sqft,3825.0,sqft,98117,875000.0
5,1.0,2380.0,sqft,4240.0,sqft,98136,539000.0
3,4.5,2140.0,sqft,3314.0,sqft,98109,1835000.0
3,2.0,2080.0,sqft,5650.0,sqft,98178,738000.0
2,1.0,1410.0,sqft,6180.0,sqft,98118,799000.0
1,1.0,571.0,sqft,0.58,acre,98121,331000.0
4,2.5,2340.0,sqft,9670.0,sqft,98106,870000.0
5,4.5,5210.0,sqft,6772.0,sqft,98122,3320000.0
1,1.0,733.0,sqft,,,98121,545000.0
2,1.5,1060.0,sqft,5137.0,sqft,98118,530000.0
2,2.5,996.0,sqft,2450.0,sqft,98122,799000.0
4,2.0,1850.0,sqft,3570.0,sqft,98105,1200000.0
1,1.0,690.0,sqft,4000.0,sqft,98117,560000.0
4,2.0,2260.0,sqft,3750.0,sqft,98107,1330000.0
4,3.5,3190.0,sqft,4305.0,sqft,98107,2130000.0
3,2.5,1846.0,sqft,0.24,acre,98199,1060000.0
3,2.0,1700.0,sqft,3220.0,sqft,98118,999999.0
4,2.0,2240.0,sqft,6240.0,sqft,98126,795000.0
4,2.0,1660.0,sqft,2280.0,sqft,98103,1127500.0
2,3.0,1780.0,sqft,2240.0,sqft,98133,720000.0
4,3.5,2270.0,sqft,2500.0,sqft,98146,710000.0
1,1.0,603.0,sqft,,,98121,432000.0
3,3.5,2024.0,sqft,1694.0,sqft,98107,1200000.0
2,2.5,1103.0,sqft,5500.0,sqft,98107,780000.0
3,1.0,1460.0,sqft,5856.0,sqft,98115,880000.0
6,7.0,4260.0,sqft,3600.0,sqft,98119,2300000.0
3,2.5,1660.0,sqft,2700.0,sqft,98122,816750.0
3,1.5,1350.0,sqft,1193.0,sqft,98107,750000.0
4,3.0,2949.0,sqft,5580.0,sqft,98103,1610000.0
3,2.5,1718.0,sqft,1268.0,sqft,98117,900000.0
2,1.0,1370.0,sqft,6084.0,sqft,98119,1000000.0
4,2.5,1822.0,sqft,1500.0,sqft,98199,1033000.0
2,1.0,800.0,sqft,560.0,sqft,98103,690000.0
1,1.0,718.0,sqft,,,98119,459000.0
2,2.0,909.0,sqft,,,98103,420000.0
2,1.0,903.0,sqft,4.06,acre,98146,312500.0
2,2.0,1297.0,sqft,,,98109,880000.0
3,2.0,2140.0,sqft,9290.0,sqft,98133,925000.0
4,5.0,2970.0,sqft,7961.0,sqft,98125,1450000.0
2,2.0,900.0,sqft,8000.0,sqft,98122,590000.0
2,2.0,2600.0,sqft,3600.0,sqft,98122,750000.0
2,1.0,1180.0,sqft,4386.0,sqft,98106,419000.0
1,1.0,564.0,sqft,100.0,acre,98103,602000.0
4,2.0,1700.0,sqft,8001.0,sqft,98125,891000.0
3,3.0,1524.0,sqft,513.0,sqft,98122,875000.0
3,3.0,1410.0,sqft,1316.0,sqft,98103,1200000.0
1,1.0,831.0,sqft,0.7,acre,98136,480000.0
5,3.0,3060.0,sqft,7006.0,sqft,98118,889000.0
2,2.0,1213.0,sqft,,,98117,422000.0
4,2.0,2352.0,sqft,4000.0,sqft,98107,1295000.0
1,1.0,534.0,sqft,,,98178,223000.0
2,1.0,724.0,sqft,,,98102,530000.0
4,3.5,2304.0,sqft,4503.0,sqft,98103,1550000.0
3,1.0,1450.0,sqft,7200.0,sqft,98115,1125000.0
2,1.0,980.0,sqft,0.32,acre,98168,475000.0
2,1.5,1550.0,sqft,7154.0,sqft,98112,1550000.0
1,1.0,704.0,sqft,500.0,sqft,98144,645000.0
1,1.5,1425.0,sqft,2.23,acre,98102,2200000.0
1,1.0,794.0,sqft,,,98101,516000.0
5,3.5,4060.0,sqft,3400.0,sqft,98116,2888000.0
2,2.0,979.0,sqft,0.32,acre,98199,470000.0
4,2.0,1830.0,sqft,6000.0,sqft,98136,950000.0
2,1.0,1260.0,sqft,7440.0,sqft,98133,626000.0
2,1.0,1027.0,sqft,1.83,acre,98115,300000.0
5,2.0,3210.0,sqft,7578.0,sqft,98115,688000.0
2,1.0,968.0,sqft,,,98115,399950.0
3,2.0,1049.0,sqft,,,98112,900000.0
2,1.5,1054.0,sqft,,,98109,709000.0
2,2.0,1586.0,sqft,,,98101,1460000.0
4,2.0,1760.0,sqft,4700.0,sqft,98115,999950.0
2,1.0,860.0,sqft,4000.0,sqft,98178,480000.0
4,2.5,1560.0,sqft,2400.0,sqft,98144,1110000.0
4,3.0,3110.0,sqft,5715.0,sqft,98119,1500000.0
3,2.0,1440.0,sqft,6120.0,sqft,98115,935000.0
3,2.0,1500.0,sqft,5750.0,sqft,98136,770000.0
3,1.5,2160.0,sqft,5080.0,sqft,98117,915000.0
4,5.5,3100.0,sqft,9450.0,sqft,98125,1375000.0
1,1.0,522.0,sqft,5000.0,sqft,98107,325000.0
3,2.0,1560.0,sqft,1170.0,sqft,98117,920000.0
3,3.0,3400.0,sqft,8000.0,sqft,98136,1150000.0
2,2.0,1761.0,sqft,9.2,acre,98115,665000.0
2,1.5,1076.0,sqft,1060.0,sqft,98125,549000.0
2,2.0,1217.0,sqft,1331.0,sqft,98199,787950.0
3,3.5,1450.0,sqft,1467.0,sqft,98126,670000.0
2,1.0,1000.0,sqft,4400.0,sqft,98112,750000.0
2,2.5,1124.0,sqft,1354.0,sqft,98115,799950.0
4,3.5,3070.0,sqft,5016.0,sqft,98144,1900000.0
1,1.0,480.0,sqft,560.0,sqft,98109,275000.0
3,2.0,1860.0,sqft,3400.0,sqft,98105,1165000.0
2,1.0,740.0,sqft,6300.0,sqft,98126,500000.0
3,2.0,1440.0,sqft,9065.0,sqft,98133,830000.0
1,1.0,758.0,sqft,,,98103,469000.0
3,1.0,1340.0,sqft,6223.0,sqft,98117,765000.0
3,3.0,1700.0,sqft,6882.0,sqft,98136,1275000.0
4,3.5,2950.0,sqft,5000.0,sqft,98105,1800000.0
1,1.0,616.0,sqft,,,98102,374000.0
3,2.5,4240.0,sqft,9487.0,sqft,98116,2725000.0
4,3.5,3495.0,sqft,4080.0,sqft,98144,2000000.0
3,3.0,2560.0,sqft,2500.0,sqft,98112,1300000.0
3,3.0,2040.0,sqft,4000.0,sqft,98117,1000000.0
3,1.0,890.0,sqft,5200.0,sqft,98126,575000.0
3,1.5,1730.0,sqft,5000.0,sqft,98115,870000.0
1,1.0,816.0,sqft,,,98109,560000.0
4,2.0,2400.0,sqft,8160.0,sqft,98177,900000.0
3,2.5,1270.0,sqft,924.0,sqft,98144,675000.0
4,3.0,1830.0,sqft,4000.0,sqft,98107,1352000.0
3,2.5,2470.0,sqft,4452.0,sqft,98126,800000.0
4,4.0,2300.0,sqft,5700.0,sqft,98115,1210000.0
4,2.5,1600.0,sqft,2336.0,sqft,98105,699000.0
1,1.0,510.0,sqft,,,98104,308000.0
2,2.0,1387.0,sqft,,,98116,649000.0
3,2.5,2230.0,sqft,7944.0,sqft,98178,555000.0
1,1.0,956.0,sqft,5480.0,sqft,98104,870000.0
3,3.0,1872.0,sqft,2475.0,sqft,98107,1050000.0
4,5.0,2030.0,sqft,5124.0,sqft,98106,700000.0
4,2.0,1980.0,sqft,2242.0,sqft,98136,785000.0
3,3.0,1180.0,sqft,1003.0,sqft,98116,729000.0
4,2.5,2630.0,sqft,4500.0,sqft,98122,1340000.0
4,2.0,2010.0,sqft,4275.0,sqft,98115,1100000.0
4,3.5,3487.0,sqft,9500.0,sqft,98136,2010000.0
4,2.0,2570.0,sqft,3440.0,sqft,98112,850000.0
2,2.0,1440.0,sqft,8100.0,sqft,98168,390000.0
2,2.0,1131.0,sqft,0.43,acre,98103,470000.0
2,1.0,1440.0,sqft,7531.0,sqft,98133,675000.0
3,3.5,2010.0,sqft,2208.0,sqft,98117,1111111.0
2,3.0,1073.0,sqft,2.71,acre,98133,429900.0
4,3.5,3300.0,sqft,6840.0,sqft,98125,1575000.0
4,2.0,3040.0,sqft,5272.0,sqft,98199,1665500.0
4,2.5,2500.0,sqft,8760.0,sqft,98146,577000.0
4,1.0,1810.0,sqft,5073.0,sqft,98126,655500.0
2,2.0,1878.0,sqft,,,98119,1171600.0
3,2.0,1411.0,sqft,0.35,acre,98104,699000.0
3,1.0,3960.0,sqft,0.25,acre,98118,722500.0
3,1.0,1000.0,sqft,9856.0,sqft,98136,750000.0
5,2.0,2300.0,sqft,3315.0,sqft,98105,1266000.0
2,2.5,890.0,sqft,,,98146,510000.0
5,3.0,2820.0,sqft,7707.0,sqft,98117,1550000.0
3,1.0,1620.0,sqft,3000.0,sqft,98118,600000.0
3,2.0,1470.0,sqft,1232.0,sqft,98136,875000.0
2,2.5,1088.0,sqft,0.77,acre,98133,475000.0
5,2.0,2160.0,sqft,7620.0,sqft,98106,795000.0
3,3.5,3105.0,sqft,2557.0,sqft,98112,2250000.0
2,2.0,1200.0,sqft,1247.0,sqft,98122,699950.0
2,2.0,1240.0,sqft,583.0,sqft,98117,710000.0
3,2.5,1550.0,sqft,1131.0,sqft,98122,1065000.0
7,4.0,2300.0,sqft,2920.0,sqft,98122,1095000.0
4,3.0,2466.0,sqft,6030.0,sqft,98115,1299000.0
2,2.0,1817.0,sqft,1156.0,sqft,98102,2100000.0
4,3.0,1500.0,sqft,3360.0,sqft,98122,1155000.0
4,2.0,2380.0,sqft,4500.0,sqft,98144,525000.0
2,2.0,1524.0,sqft,6250.0,sqft,98108,710000.0
3,2.5,1370.0,sqft,982.0,sqft,98117,699500.0
3,2.0,1449.0,sqft,939.0,sqft,98107,720000.0
2,2.0,1140.0,sqft,1045.0,sqft,98103,850000.0
3,2.5,1010.0,sqft,570.0,sqft,98118,615000.0
9,5.0,3014.0,sqft,7908.0,sqft,98178,835000.0
3,3.5,1450.0,sqft,1081.0,sqft,98118,580000.0
2,2.0,1248.0,sqft,912.0,sqft,98122,890955.0
4,2.0,2600.0,sqft,4224.0,sqft,98117,1098500.0
3,2.0,1328.0,sqft,839.0,sqft,98103,929950.0
1,1.0,614.0,sqft,0.37,acre,98109,369950.0
4,3.0,2481.0,sqft,8297.0,sqft,98115,999000.0
4,1.0,1420.0,sqft,5240.0,sqft,98178,445000.0
4,3.0,2040.0,sqft,5000.0,sqft,98117,1410000.0
3,3.0,1390.0,sqft,5000.0,sqft,98126,1095000.0
2,3.0,920.0,sqft,675.0,sqft,98107,690000.0
4,3.5,1835.0,sqft,1884.0,sqft,98103,1299950.0
4,2.0,1840.0,sqft,3760.0,sqft,98103,825000.0
3,2.5,3020.0,sqft,7500.0,sqft,98177,1450000.0
3,2.0,2520.0,sqft,4000.0,sqft,98115,1050000.0
4,5.0,2240.0,sqft,5624.0,sqft,98108,965000.0
3,3.5,1644.0,sqft,,,98112,820000.0
3,2.5,1880.0,sqft,1282.0,sqft,98106,725000.0
2,2.0,995.0,sqft,5000.0,sqft,98144,850000.0
1,1.0,568.0,sqft,,,98104,330000.0
2,3.0,1226.0,sqft,,,98144,589990.0
2,1.0,730.0,sqft,6200.0,sqft,98105,25000000.0
4,2.0,1500.0,sqft,4471.0,sqft,98133,947000.0
3,2.0,2080.0,sqft,6769.0,sqft,98108,800000.0
3,3.0,1425.0,sqft,1199.0,sqft,98177,819950.0
4,2.5,3840.0,sqft,1.2,acre,98177,2195000.0
4,3.0,2074.0,sqft,1999.0,sqft,98126,812500.0
5,3.0,3556.0,sqft,6120.0,sqft,98115,2250000.0
1,1.0,1100.0,sqft,747.0,sqft,98107,745000.0
2,1.0,730.0,sqft,5150.0,sqft,98106,545000.0
4,2.0,1170.0,sqft,9216.0,sqft,98178,390000.0
4,3.0,2240.0,sqft,8691.0,sqft,98118,625000.0
4,2.0,1750.0,sqft,6380.0,sqft,98115,855000.0
2,2.0,1695.0,sqft,,,98126,1150000.0
5,3.0,2480.0,sqft,5100.0,sqft,98117,1135000.0
4,2.5,1420.0,sqft,1800.0,sqft,98103,760000.0
2,1.0,990.0,sqft,3844.0,sqft,98133,474000.0
2,1.0,1520.0,sqft,4250.0,sqft,98117,820000.0
5,2.0,2100.0,sqft,6000.0,sqft,98108,599950.0
3,3.0,1740.0,sqft,5000.0,sqft,98136,1010000.0
2,2.0,1760.0,sqft,6150.0,sqft,98108,750000.0
2,2.0,1021.0,sqft,,,98101,981250.0
4,3.5,3018.0,sqft,3600.0,sqft,98103,1795000.0
2,1.5,1024.0,sqft,,,98115,495000.0
1,1.0,945.0,sqft,,,98109,385000.0
2,1.0,2380.0,sqft,6061.0,sqft,98108,640000.0
5,5.0,3810.0,sqft,0.32,acre,98177,1180000.0
2,2.5,1048.0,sqft,834.0,sqft,98112,899000.0
3,1.5,1610.0,sqft,4000.0,sqft,98122,1106000.0
1,1.0,701.0,sqft,,,98115,315000.0
4,2.5,2213.0,sqft,3367.0,sqft,98107,1075000.0
2,2.0,1071.0,sqft,,,98119,719000.0
2,1.0,850.0,sqft,3056.0,sqft,98107,813000.0
3,3.0,1280.0,sqft,2600.0,sqft,98103,900000.0
3,1.0,980.0,sqft,4200.0,sqft,98119,700000.0
4,3.5,3840.0,sqft,0.32,acre,98118,1250000.0
2,2.0,1006.0,sqft,3.32,acre,98112,650000.0
4,2.0,1450.0,sqft,1000.0,sqft,98109,1185000.0
4,2.0,2140.0,sqft,4947.0,sqft,98136,960000.0
4,3.0,2480.0,sqft,4000.0,sqft,98103,1605000.0
5,2.0,2420.0,sqft,4080.0,sqft,98117,960000.0
3,4.5,1760.0,sqft,1008.0,sqft,98109,1440000.0
2,2.0,1170.0,sqft,588.0,sqft,98144,624999.0
3,2.0,1730.0,sqft,8421.0,sqft,98125,910000.0
1,1.0,376.0,sqft,0.23,acre,98199,1000000.0
1,1.0,636.0,sqft,,,98102,450000.0
3,2.0,1940.0,sqft,4850.0,sqft,98107,895000.0
4,2.5,3400.0,sqft,6000.0,sqft,98112,2100000.0
3,2.0,1360.0,sqft,7680.0,sqft,98125,830000.0
2,2.0,875.0,sqft,901.0,sqft,98116,656500.0
6,2.0,2230.0,sqft,5300.0,sqft,98118,700000.0
5,2.0,4190.0,sqft,8500.0,sqft,98119,2300000.0
3,2.5,2220.0,sqft,3060.0,sqft,98117,1167500.0
2,1.0,830.0,sqft,1980.0,sqft,98117,450000.0
3,2.5,2090.0,sqft,5000.0,sqft,98108,820000.0
3,1.0,1210.0,sqft,6000.0,sqft,98119,795000.0
2,1.0,691.0,sqft,1.0,acre,98102,998000.0
3,2.5,1820.0,sqft,1.0,acre,98118,690000.0
4,2.5,3105.0,sqft,7875.0,sqft,98115,1040000.0
4,2.0,1680.0,sqft,7840.0,sqft,98178,517500.0
3,2.0,2495.0,sqft,4000.0,sqft,98105,1250000.0
5,3.0,2450.0,sqft,4980.0,sqft,98144,1270000.0
4,2.0,2787.0,sqft,6011.0,sqft,98122,1207000.0
5,3.5,3310.0,sqft,2943.0,sqft,98102,1637500.0
2,2.0,1699.0,sqft,,,98109,640000.0
5,4.0,3180.0,sqft,3400.0,sqft,98105,2100000.0
5,2.5,3350.0,sqft,8317.0,sqft,98126,1275000.0
2,2.0,1365.0,sqft,770.0,sqft,98122,799000.0
3,3.0,1660.0,sqft,7650.0,sqft,98117,1200000.0
3,1.5,1880.0,sqft,6194.0,sqft,98118,489000.0
1,1.0,580.0,sqft,4657.0,sqft,98102,395000.0
3,2.0,1270.0,sqft,0.26,acre,98146,590000.0
3,1.0,860.0,sqft,5400.0,sqft,98125,699000.0
1,1.0,580.0,sqft,,,98122,475000.0
3,3.5,1840.0,sqft,1312.0,sqft,98117,1025000.0
1,1.0,615.0,sqft,,,98199,315000.0
5,3.0,2140.0,sqft,7244.0,sqft,98125,850000.0
2,2.0,1437.0,sqft,1085.0,sqft,98122,969950.0
2,1.5,1390.0,sqft,746.0,sqft,98107,759950.0
2,1.5,870.0,sqft,938.0,sqft,98115,700000.0
5,4.5,2840.0,sqft,3200.0,sqft,98112,500000.0
3,2.0,2260.0,sqft,3880.0,sqft,98107,877000.0
2,2.0,886.0,sqft,1037.0,sqft,98116,660000.0
1,1.0,505.0,sqft,,,98102,325000.0
2,1.0,1048.0,sqft,0.66,acre,98121,760000.0
4,2.0,1800.0,sqft,7455.0,sqft,98117,1100000.0
2,2.0,1390.0,sqft,8509.0,sqft,98116,954500.0
3,2.5,2600.0,sqft,8023.0,sqft,98136,1475000.0
4,2.0,2640.0,sqft,8385.0,sqft,98168,780000.0
2,1.5,1020.0,sqft,1249.0,sqft,98102,765000.0
3,3.0,2630.0,sqft,3755.0,sqft,98115,1130000.0
4,3.5,2910.0,sqft,4000.0,sqft,98144,1865000.0
3,2.0,1580.0,sqft,5040.0,sqft,98116,1000000.0
2,1.0,885.0,sqft,3.54,acre,98105,389000.0
3,2.0,2100.0,sqft,5750.0,sqft,98116,1325000.0
4,2.0,2010.0,sqft,9612.0,sqft,98105,1250000.0
4,2.0,1480.0,sqft,6820.0,sqft,98126,830000.0
3,2.0,1560.0,sqft,2400.0,sqft,98117,1180000.0
1,1.0,889.0,sqft,,,98121,648888.0
1,1.0,664.0,sqft,,,98102,322000.0
2,2.0,804.0,sqft,5000.0,sqft,98107,465600.0
4,2.0,2080.0,sqft,3850.0,sqft,98105,975000.0
2,1.0,910.0,sqft,2000.0,sqft,98117,800000.0
3,2.5,1620.0,sqft,7500.0,sqft,98106,875100.0
3,3.5,1970.0,sqft,1125.0,sqft,98105,868500.0
3,2.0,1720.0,sqft,6720.0,sqft,98116,869000.0
4,2.0,1545.0,sqft,4963.0,sqft,98103,1253000.0
3,2.5,1710.0,sqft,4814.0,sqft,98115,1190000.0
1,2.0,1141.0,sqft,0.41,acre,98122,699950.0
2,3.0,1276.0,sqft,1187.0,sqft,98106,520000.0
2,1.5,1978.0,sqft,5000.0,sqft,98118,858000.0
2,1.0,1060.0,sqft,8908.0,sqft,98125,700000.0
5,3.5,3220.0,sqft,4640.0,sqft,98103,820000.0
4,2.0,1170.0,sqft,9594.0,sqft,98168,530000.0
3,2.0,1770.0,sqft,5100.0,sqft,98118,660000.0
2,2.0,1420.0,sqft,1232.0,sqft,98107,690000.0
4,2.5,2980.0,sqft,3618.0,sqft,98125,1445000.0
4,1.5,1630.0,sqft,7182.0,sqft,98133,734950.0
1,1.0,743.0,sqft,,,98102,522250.0
2,1.0,680.0,sqft,8795.0,sqft,98125,625000.0
2,1.0,900.0,sqft,6030.0,sqft,98168,409050.0
1,1.0,635.0,sqft,,,98121,380000.0
5,3.5,3400.0,sqft,4560.0,sqft,98109,3340000.0
3,2.0,1300.0,sqft,2250.0,sqft,98103,735000.0
2,2.0,1094.0,sqft,5250.0,sqft,98122,675000.0
3,2.5,1763.0,sqft,2498.0,sqft,98117,1125000.0
2,1.0,940.0,sqft,3300.0,sqft,98118,550000.0
3,2.5,1820.0,sqft,1595.0,sqft,98103,990000.0
1,1.0,650.0,sqft,,,98121,468000.0
2,2.0,1200.0,sqft,1247.0,sqft,98122,705000.0
3,2.0,1939.0,sqft,0.31,acre,98109,1070000.0
4,2.0,1780.0,sqft,5000.0,sqft,98117,1181500.0
3,2.0,2370.0,sqft,4400.0,sqft,98119,1180000.0
2,2.5,1411.0,sqft,1201.0,sqft,98117,830000.0
2,1.0,512.0,sqft,,,98103,312000.0
4,2.5,2360.0,sqft,5725.0,sqft,98199,1750000.0
3,2.0,2630.0,sqft,9702.0,sqft,98117,1290000.0
5,3.0,2700.0,sqft,5670.0,sqft,98119,1025000.0
1,1.0,605.0,sqft,,,98103,370000.0
2,1.0,767.0,sqft,,,98136,349950.0
2,1.0,1015.0,sqft,,,98102,650000.0
2,2.0,1245.0,sqft,,,98168,330000.0
1,1.0,513.0,sqft,0.66,acre,98121,315000.0
1,1.0,780.0,sqft,8960.0,sqft,98106,500000.0
4,3.0,2050.0,sqft,4362.0,sqft,98136,920000.0
2,2.0,1060.0,sqft,,,98117,650000.0
2,2.0,950.0,sqft,1308.0,sqft,98117,705000.0
3,1.5,1870.0,sqft,9975.0,sqft,98168,500000.0
3,2.5,1060.0,sqft,1124.0,sqft,98117,765000.0
3,2.5,1860.0,sqft,1063.0,sqft,98103,1025000.0
3,1.5,1420.0,sqft,6009.0,sqft,98117,980000.0
3,1.0,1390.0,sqft,3090.0,sqft,98144,850000.0
3,2.0,1096.0,sqft,1.0,acre,98117,874500.0
3,1.0,1100.0,sqft,4120.0,sqft,98106,468000.0
3,1.0,1010.0,sqft,7100.0,sqft,98178,475000.0
3,3.5,1730.0,sqft,,,98117,975000.0
2,1.5,1480.0,sqft,6000.0,sqft,98118,948800.0
3,2.0,1890.0,sqft,6808.0,sqft,98106,700000.0
4,2.0,2500.0,sqft,4414.0,sqft,98144,972500.0
4,3.5,2840.0,sqft,4000.0,sqft,98108,925000.0
3,2.0,1608.0,sqft,1568.0,sqft,98103,732000.0
2,2.5,1701.0,sqft,1827.0,sqft,98112,1354000.0
1,1.0,376.0,sqft,0.23,acre,98199,1000000.0
1,2.0,1250.0,sqft,5183.0,sqft,98116,160000.0
3,2.5,1790.0,sqft,1600.0,sqft,98117,1050000.0
4,2.0,1670.0,sqft,7260.0,sqft,98106,650000.0
3,2.0,1640.0,sqft,5100.0,sqft,98136,900000.0
4,4.5,3228.0,sqft,3600.0,sqft,98119,2050000.0
4,2.0,1720.0,sqft,4242.0,sqft,98118,705000.0
4,2.0,2060.0,sqft,8762.0,sqft,98168,575000.0
3,2.0,1840.0,sqft,3432.0,sqft,98115,865000.0
4,3.5,3180.0,sqft,3375.0,sqft,98122,2485000.0
3,3.0,1760.0,sqft,8160.0,sqft,98125,670000.0
2,1.0,1350.0,sqft,6600.0,sqft,98115,799950.0
2,2.0,1403.0,sqft,,,98125,480000.0
3,2.0,1740.0,sqft,3519.0,sqft,98199,1310000.0
3,2.0,1490.0,sqft,1050.0,sqft,98107,900000.0
3,3.0,2380.0,sqft,6172.0,sqft,98199,1385000.0
1,1.0,815.0,sqft,0.48,acre,98121,465000.0
4,3.5,2900.0,sqft,7470.0,sqft,98125,1337000.0
5,3.0,2370.0,sqft,5292.0,sqft,98118,800000.0
4,1.0,2470.0,sqft,0.31,acre,98178,770000.0
4,1.0,1740.0,sqft,6000.0,sqft,98119,925000.0
1,1.0,690.0,sqft,,,98133,290000.0
5,3.5,2610.0,sqft,3623.0,sqft,98118,915000.0
4,3.5,2015.0,sqft,1886.0,sqft,98116,1240000.0
5,3.5,3880.0,sqft,6000.0,sqft,98112,2975000.0
4,2.0,2280.0,sqft,0.25,acre,98168,625000.0
4,3.0,2570.0,sqft,4480.0,sqft,98105,1555000.0
5,2.0,2740.0,sqft,2850.0,sqft,98103,1175000.0
2,2.0,1469.0,sqft,1762.0,sqft,98115,900000.0
3,2.5,2860.0,sqft,4500.0,sqft,98126,1630000.0
2,2.0,1479.0,sqft,,,98116,640000.0
5,4.5,3370.0,sqft,5100.0,sqft,98117,1975000.0
3,1.0,1300.0,sqft,3520.0,sqft,98109,1000000.0
2,1.0,780.0,sqft,8184.0,sqft,98118,675000.0
5,6.0,6990.0,sqft,4703.0,sqft,98103,1880000.0
2,2.5,867.0,sqft,1753.0,sqft,98115,679000.0
2,2.0,1217.0,sqft,,,98199,787950.0
3,2.5,2120.0,sqft,5120.0,sqft,98122,1365000.0
2,2.0,1042.0,sqft,,,98101,639000.0
2,2.0,1163.0,sqft,583.0,sqft,98117,648800.0
3,3.5,1580.0,sqft,,,98144,760000.0
3,2.0,1740.0,sqft,8309.0,sqft,98115,1070000.0
4,3.0,1810.0,sqft,5850.0,sqft,98116,1118000.0
1,1.0,1186.0,sqft,,,98109,665000.0
3,1.0,1177.0,sqft,6150.0,sqft,98126,650000.0
2,1.5,770.0,sqft,850.0,sqft,98116,550000.0
4,2.0,1870.0,sqft,5280.0,sqft,98199,1040000.0
1,1.0,696.0,sqft,4.27,acre,98115,305000.0
3,2.5,1380.0,sqft,1464.0,sqft,98126,523750.0
2,1.0,1650.0,sqft,6650.0,sqft,98106,630000.0
3,2.0,1640.0,sqft,5145.0,sqft,98106,700000.0
3,3.5,1360.0,sqft,1248.0,sqft,98103,700000.0
3,1.0,970.0,sqft,8160.0,sqft,98177,625000.0
1,1.0,490.0,sqft,,,98104,250000.0
5,2.0,2180.0,sqft,8100.0,sqft,98122,950000.0
4,3.5,2970.0,sqft,3751.0,sqft,98103,2080000.0
4,2.0,2340.0,sqft,4560.0,sqft,98103,1800000.0
3,3.0,1420.0,sqft,6037.0,sqft,98115,950000.0
3,2.5,1520.0,sqft,2814.0,sqft,98108,818000.0
2,2.0,1242.0,sqft,742.0,sqft,98122,769950.0
4,3.0,3410.0,sqft,7389.0,sqft,98144,1850000.0
4,1.0,1150.0,sqft,5665.0,sqft,98118,575000.0
1,1.0,691.0,sqft,,,98115,321000.0
3,2.0,1170.0,sqft,979.0,sqft,98144,740000.0
3,2.0,1360.0,sqft,8100.0,sqft,98125,850000.0
2,2.0,1200.0,sqft,1948.0,sqft,98125,620000.0
4,2.0,2680.0,sqft,6035.0,sqft,98177,950000.0
2,1.0,670.0,sqft,6300.0,sqft,98126,510000.0
1,1.0,545.0,sqft,,,98122,350000.0
3,3.5,1240.0,sqft,1164.0,sqft,98116,690000.0
1,1.0,700.0,sqft,,,98109,300000.0
4,3.0,2940.0,sqft,4000.0,sqft,98126,1250000.0
2,2.0,1187.0,sqft,1093.0,sqft,98115,750000.0
4,2.0,1488.0,sqft,3920.0,sqft,98115,750000.0
3,1.0,970.0,sqft,0.28,acre,98146,515000.0
3,2.5,1681.0,sqft,3.97,acre,98126,610000.0
2,2.0,1144.0,sqft,4850.0,sqft,98107,769950.0
4,3.5,2860.0,sqft,5880.0,sqft,98199,1657500.0
1,1.0,773.0,sqft,,,98102,425000.0
3,2.5,3100.0,sqft,4120.0,sqft,98112,2610000.0
4,3.5,2400.0,sqft,3060.0,sqft,98103,1750000.0
3,2.5,2920.0,sqft,9918.0,sqft,98133,985000.0
2,1.0,876.0,sqft,,,98116,550000.0
5,3.0,3450.0,sqft,3920.0,sqft,98109,1981000.0
3,2.5,1330.0,sqft,936.0,sqft,98107,819999.0
4,3.5,2440.0,sqft,7200.0,sqft,98125,1185000.0
3,3.5,1580.0,sqft,1312.0,sqft,98144,950000.0
3,2.0,2299.0,sqft,6022.0,sqft,98199,1435000.0
1,1.0,594.0,sqft,,,98103,360000.0
1,1.0,475.0,sqft,,,98121,385000.0
5,3.0,2360.0,sqft,2833.0,sqft,98103,1240000.0
4,3.0,1780.0,sqft,5005.0,sqft,98117,1184000.0
3,2.0,2250.0,sqft,8030.0,sqft,98105,2080000.0
2,2.0,1073.0,sqft,,,98133,429900.0
5,3.0,1900.0,sqft,8160.0,sqft,98118,895000.0
5,2.5,3090.0,sqft,6161.0,sqft,98105,1600000.0
5,6.5,6240.0,sqft,6750.0,sqft,98115,3122000.0
1,1.0,573.0,sqft,,,98121,310000.0
2,1.0,770.0,sqft,5569.0,sqft,98115,640000.0
1,1.0,820.0,sqft,0.31,acre,98121,590000.0
3,2.0,1622.0,sqft,1521.0,sqft,98125,692950.0
2,1.0,1210.0,sqft,2000.0,sqft,98144,725000.0
3,1.5,1240.0,sqft,5000.0,sqft,98117,850000.0
3,3.0,2080.0,sqft,2486.0,sqft,98108,762000.0
2,2.0,875.0,sqft,898.0,sqft,98116,625000.0
1,1.0,597.0,sqft,,,98109,360000.0
2,2.0,1370.0,sqft,,,98168,280000.0
4,2.0,2425.0,sqft,5500.0,sqft,98105,1295000.0
4,2.5,1760.0,sqft,2670.0,sqft,98144,925000.0
2,2.5,994.0,sqft,1388.0,sqft,98136,670000.0
1,1.0,515.0,sqft,1.31,acre,98109,387000.0
3,3.5,1660.0,sqft,1228.0,sqft,98144,765000.0
4,2.0,1730.0,sqft,7723.0,sqft,98126,875000.0
5,3.0,1790.0,sqft,0.23,acre,98125,964000.0
1,1.0,715.0,sqft,,,98109,500000.0
2,2.0,1470.0,sqft,1094.0,sqft,98126,718000.0
3,2.0,2440.0,sqft,2700.0,sqft,98103,1000000.0
4,2.0,2880.0,sqft,5000.0,sqft,98103,1485000.0
3,2.0,1678.0,sqft,1191.0,sqft,98103,1160000.0
3,2.0,1400.0,sqft,1281.0,sqft,98117,780000.0
6,4.5,5200.0,sqft,0.25,acre,98144,3050000.0
1,1.0,806.0,sqft,,,98102,525000.0
4,3.0,2311.0,sqft,6048.0,sqft,98115,1211000.0
3,1.5,1060.0,sqft,6765.0,sqft,98178,535000.0
2,1.0,1150.0,sqft,7425.0,sqft,98118,575000.0
5,3.0,2580.0,sqft,4462.0,sqft,98109,1500000.0
4,3.5,3240.0,sqft,5600.0,sqft,98105,2675000.0
5,3.5,3710.0,sqft,5259.0,sqft,98199,2525000.0
4,3.5,1632.0,sqft,0.3,acre,98136,825000.0
6,7.0,4641.0,sqft,5000.0,sqft,98112,1850000.0
3,3.5,1846.0,sqft,2250.0,sqft,98107,1170000.0
2,2.0,1353.0,sqft,,,98115,770000.0
3,2.0,1240.0,sqft,5400.0,sqft,98117,705000.0
2,1.0,1760.0,sqft,4264.0,sqft,98126,550000.0
2,3.0,1290.0,sqft,,,98199,845000.0
1,1.5,1285.0,sqft,0.96,acre,98121,1250000.0
4,2.5,3707.0,sqft,8100.0,sqft,98177,2100000.0
3,2.0,1120.0,sqft,5518.0,sqft,98106,600000.0
6,5.0,3300.0,sqft,6800.0,sqft,98105,3598950.0
3,2.0,2160.0,sqft,4590.0,sqft,98115,825000.0
2,1.0,1440.0,sqft,7080.0,sqft,98146,488000.0
5,2.0,2567.0,sqft,4995.0,sqft,98144,1550000.0
3,2.0,1960.0,sqft,3300.0,sqft,98103,865000.0
3,3.5,1657.0,sqft,,,98144,847198.0
5,3.0,2610.0,sqft,2550.0,sqft,98109,1795000.0
2,2.0,1213.0,sqft,,,98116,800000.0
1,1.0,777.0,sqft,4.06,acre,98146,244950.0
3,3.5,1590.0,sqft,1314.0,sqft,98144,899000.0
2,2.0,1893.0,sqft,,,98115,727000.0
3,1.5,1570.0,sqft,3880.0,sqft,98117,975000.0
4,3.0,2440.0,sqft,8556.0,sqft,98199,1850000.0
4,4.0,3463.0,sqft,4304.0,sqft,98112,2050000.0
2,4.5,1840.0,sqft,1500.0,sqft,98103,1049000.0
2,2.0,1554.0,sqft,9.2,acre,98115,660000.0
1,1.0,567.0,sqft,,,98144,451000.0
1,1.0,665.0,sqft,,,98109,479425.0
2,1.0,950.0,sqft,4300.0,sqft,98144,337000.0
2,2.0,1371.0,sqft,5480.0,sqft,98116,1295000.0
3,2.0,2040.0,sqft,4000.0,sqft,98144,695000.0
4,2.5,2780.0,sqft,8967.0,sqft,98136,1530000.0
5,3.5,3410.0,sqft,5000.0,sqft,98115,1725000.0
2,1.5,2280.0,sqft,4000.0,sqft,98144,650000.0
3,2.0,2100.0,sqft,7800.0,sqft,98168,510000.0
2,2.0,1101.0,sqft,1608.0,sqft,98115,780000.0
4,3.5,1964.0,sqft,,,98115,1180000.0
3,1.5,1030.0,sqft,6086.0,sqft,98125,739000.0
2,2.0,1042.0,sqft,1615.0,sqft,98144,630000.0
3,3.5,1740.0,sqft,5000.0,sqft,98103,1020000.0
1,2.0,1302.0,sqft,,,98121,740000.0
2,2.0,905.0,sqft,,,98121,670000.0
1,1.0,460.0,sqft,8094.0,sqft,98108,1250000.0
3,2.0,1540.0,sqft,993.0,sqft,98122,900000.0
1,1.0,656.0,sqft,,,98109,470000.0
5,2.0,2800.0,sqft,6250.0,sqft,98103,1200000.0
3,3.5,2480.0,sqft,5118.0,sqft,98122,1500000.0
5,3.0,2170.0,sqft,6650.0,sqft,98168,740000.0
5,4.0,2447.0,sqft,3100.0,sqft,98117,1500000.0
3,2.0,2164.0,sqft,4000.0,sqft,98117,800000.0
2,1.0,740.0,sqft,7500.0,sqft,98126,553500.0
3,2.5,2080.0,sqft,5160.0,sqft,98116,1200000.0
2,1.0,1800.0,sqft,2613.0,sqft,98105,25000000.0
2,2.0,1180.0,sqft,792.0,sqft,98106,527000.0
3,2.0,2020.0,sqft,5525.0,sqft,98117,1625000.0
3,3.5,1150.0,sqft,1199.0,sqft,98103,625000.0
3,2.0,1220.0,sqft,1.0,acre,98107,824900.0
2,1.0,810.0,sqft,6400.0,sqft,98146,435000.0
1,1.0,696.0,sqft,0.41,acre,98119,400000.0
3,3.5,2030.0,sqft,2500.0,sqft,98122,1200000.0
5,3.5,3930.0,sqft,7650.0,sqft,98133,1800000.0
5,2.0,2920.0,sqft,7800.0,sqft,98117,1359000.0
4,2.0,1460.0,sqft,5000.0,sqft,98116,787500.0
4,1.5,2770.0,sqft,3038.0,sqft,98119,850000.0
2,2.0,1523.0,sqft,,,98121,1425000.0
3,3.5,1690.0,sqft,1444.0,sqft,98103,965000.0
3,1.0,1170.0,sqft,8100.0,sqft,98133,825000.0
4,2.0,2370.0,sqft,8775.0,sqft,98125,1125000.0
1,1.0,712.0,sqft,,,98121,620000.0
2,1.0,976.0,sqft,2064.0,sqft,98106,475000.0
2,2.0,1042.0,sqft,,,98102,610000.0
2,2.0,1040.0,sqft,0.29,acre,98102,685000.0
1,1.0,722.0,sqft,,,98112,452100.0
2,2.0,1367.0,sqft,,,98121,1350000.0
1,1.0,733.0,sqft,,,98102,490000.0
2,1.0,970.0,sqft,,,98116,480000.0
3,2.0,1711.0,sqft,1171.0,sqft,98125,675500.0
2,1.0,860.0,sqft,8280.0,sqft,98125,675000.0
1,1.0,712.0,sqft,,,98109,385000.0
1,1.0,704.0,sqft,1.0,acre,98144,569000.0
3,2.5,1790.0,sqft,5761.0,sqft,98106,590000.0
3,2.0,2140.0,sqft,7200.0,sqft,98115,918000.0
4,3.0,2040.0,sqft,6348.0,sqft,98103,940000.0
3,2.0,1894.0,sqft,2340.0,sqft,98144,697000.0
4,2.5,2750.0,sqft,5589.0,sqft,98112,1680000.0
4,3.5,2900.0,sqft,5040.0,sqft,98107,1600000.0
2,1.0,670.0,sqft,4500.0,sqft,98106,490000.0
4,2.5,2190.0,sqft,4590.0,sqft,98136,1075000.0
4,1.5,1810.0,sqft,9998.0,sqft,98133,764000.0
3,3.0,1440.0,sqft,5300.0,sqft,98144,1050000.0
3,2.0,2170.0,sqft,7920.0,sqft,98178,560000.0
2,2.0,993.0,sqft,0.24,acre,98103,709600.0
3,3.5,1450.0,sqft,1020.0,sqft,98115,835000.0
4,3.5,2336.0,sqft,2392.0,sqft,98115,975000.0
4,3.0,2320.0,sqft,4640.0,sqft,98112,1472500.0
3,2.0,1470.0,sqft,2226.0,sqft,98106,600000.0
1,1.0,672.0,sqft,,,98107,485000.0
3,1.5,990.0,sqft,4500.0,sqft,98122,775000.0
4,3.0,2110.0,sqft,7680.0,sqft,98115,1180000.0
3,1.0,1670.0,sqft,5500.0,sqft,98136,731000.0
3,2.0,2060.0,sqft,5280.0,sqft,98126,756110.0
3,1.0,1920.0,sqft,7550.0,sqft,98146,456000.0
3,2.5,2910.0,sqft,5200.0,sqft,98109,1975000.0
2,1.5,912.0,sqft,1.0,acre,98103,819980.0
1,1.0,645.0,sqft,,,98126,305000.0
2,2.5,1160.0,sqft,1332.0,sqft,98103,850000.0
3,1.0,2280.0,sqft,6900.0,sqft,98116,1005000.0
3,2.5,1515.0,sqft,1563.0,sqft,98102,905000.0
3,2.5,2600.0,sqft,9100.0,sqft,98146,875000.0
3,2.0,1000.0,sqft,1916.0,sqft,98122,710000.0
2,1.0,672.0,sqft,0.28,acre,98168,373000.0
2,2.0,1320.0,sqft,,,98119,860000.0
3,2.0,2190.0,sqft,5000.0,sqft,98106,840000.0
1,2.0,1517.0,sqft,0.32,acre,98105,1350000.0
4,2.0,2160.0,sqft,4000.0,sqft,98122,1400000.0
4,1.0,2290.0,sqft,2703.0,sqft,98103,905000.0
3,1.0,1920.0,sqft,9399.0,sqft,98117,725000.0
3,3.0,1540.0,sqft,1044.0,sqft,98115,800000.0
2,2.0,983.0,sqft,,,98102,542500.0
2,1.5,1670.0,sqft,5500.0,sqft,98117,1025000.0
2,2.0,880.0,sqft,,,98103,614500.0
2,2.0,1526.0,sqft,,,98109,825000.0
1,1.0,569.0,sqft,,,98104,435000.0
4,3.0,2700.0,sqft,8360.0,sqft,98199,1100000.0
2,2.5,2282.0,sqft,2.75,acre,98168,475000.0
7,3.5,4530.0,sqft,5047.0,sqft,98103,2950000.0
1,1.0,698.0,sqft,,,98121,399999.0
3,2.0,1590.0,sqft,2500.0,sqft,98117,880000.0
2,1.0,770.0,sqft,,,98116,460000.0
3,2.0,2840.0,sqft,5196.0,sqft,98199,1400000.0
6,3.0,2350.0,sqft,8800.0,sqft,98118,850000.0
1,1.0,630.0,sqft,0.35,acre,98104,335000.0
1,1.0,482.0,sqft,,,98109,220000.0
4,3.5,4350.0,sqft,7000.0,sqft,98136,2000000.0
1,3.0,1730.0,sqft,5500.0,sqft,98118,750000.0
1,1.0,761.0,sqft,,,98109,400000.0
3,2.0,1684.0,sqft,1395.0,sqft,98117,870000.0
3,2.5,2040.0,sqft,3298.0,sqft,98136,1200000.0
2,2.0,1057.0,sqft,0.28,acre,98105,599900.0
3,2.0,2256.0,sqft,3500.0,sqft,98119,1370000.0
4,2.0,1900.0,sqft,5350.0,sqft,98118,670000.0
2,1.0,760.0,sqft,8686.0,sqft,98115,775000.0
2,1.0,780.0,sqft,6860.0,sqft,98146,395000.0
4,3.0,3020.0,sqft,3254.0,sqft,98106,1499000.0
1,2.5,2220.0,sqft,2519.0,sqft,98103,1200000.0
2,2.0,877.0,sqft,,,98115,415000.0
4,2.0,1530.0,sqft,8782.0,sqft,98118,645000.0
2,1.0,850.0,sqft,6000.0,sqft,98118,580000.0
3,2.5,1860.0,sqft,7992.0,sqft,98136,1050000.0
2,2.0,980.0,sqft,3000.0,sqft,98118,849950.0
3,2.0,1470.0,sqft,1348.0,sqft,98107,933500.0
2,1.0,980.0,sqft,2226.0,sqft,98144,598000.0
2,2.0,1003.0,sqft,,,98121,875000.0
3,1.0,996.0,sqft,2588.0,sqft,98125,560000.0
1,1.0,980.0,sqft,3700.0,sqft,98106,485000.0
4,1.5,2380.0,sqft,5500.0,sqft,98117,937000.0
2,2.0,2470.0,sqft,4800.0,sqft,98102,1525000.0
4,4.0,2120.0,sqft,6000.0,sqft,98136,900000.0
2,2.5,840.0,sqft,2891.0,sqft,98115,720000.0
4,5.0,1910.0,sqft,6750.0,sqft,98177,800000.0
2,1.0,1380.0,sqft,6613.0,sqft,98106,640000.0
4,5.0,2390.0,sqft,6156.0,sqft,98117,1500000.0
4,3.0,2840.0,sqft,4550.0,sqft,98122,1399990.0
2,1.0,875.0,sqft,,,98115,355000.0
3,2.5,1813.0,sqft,,,98116,1275000.0
3,3.5,2996.0,sqft,5219.0,sqft,98115,2050000.0
5,3.5,5020.0,sqft,5880.0,sqft,98126,1550000.0
3,2.0,1498.0,sqft,1238.0,sqft,98122,935000.0
2,1.0,711.0,sqft,5011.0,sqft,98107,485000.0
4,3.0,2740.0,sqft,5616.0,sqft,98115,1220000.0
3,2.0,1328.0,sqft,859.0,sqft,98103,920000.0
2,2.0,1332.0,sqft,1101.0,sqft,98199,845000.0
3,2.0,2020.0,sqft,6397.0,sqft,98117,840000.0
1,1.0,916.0,sqft,,,98121,652500.0
2,2.0,1546.0,sqft,1368.0,sqft,98108,669000.0
4,3.0,2970.0,sqft,7350.0,sqft,98118,720000.0
3,3.5,1615.0,sqft,1.0,acre,98133,796000.0
2,2.0,1170.0,sqft,588.0,sqft,98144,625000.0
3,2.0,1350.0,sqft,1056.0,sqft,98136,722500.0
2,2.0,1143.0,sqft,672.0,sqft,98107,689900.0
3,2.5,1220.0,sqft,1095.0,sqft,98109,900000.0
4,1.5,2100.0,sqft,6532.0,sqft,98199,875000.0
4,1.5,3200.0,sqft,5508.0,sqft,98117,1290000.0
1,2.0,1137.0,sqft,,,98119,930000.0
3,2.0,2930.0,sqft,0.7,acre,98146,775000.0
2,1.0,808.0,sqft,,,98115,422500.0
4,4.0,2550.0,sqft,5300.0,sqft,98117,1550000.0
2,2.0,789.0,sqft,0.27,acre,98107,475000.0
3,3.0,2546.0,sqft,3600.0,sqft,98109,1810000.0
2,1.0,680.0,sqft,8382.0,sqft,98146,565000.0
2,1.5,1000.0,sqft,1000.0,sqft,98117,640000.0
3,2.0,1676.0,sqft,4828.0,sqft,98115,840000.0
2,1.0,985.0,sqft,,,98121,790000.0
1,1.0,750.0,sqft,5750.0,sqft,98116,725000.0
1,1.0,843.0,sqft,,,98125,370000.0
4,2.0,3220.0,sqft,7800.0,sqft,98177,2000000.0
2,2.0,2340.0,sqft,6802.0,sqft,98105,1398000.0
1,1.0,543.0,sqft,,,98109,390000.0
5,3.0,4040.0,sqft,4320.0,sqft,98105,1650000.0
2,1.0,990.0,sqft,4800.0,sqft,98108,455000.0
4,4.0,2850.0,sqft,4900.0,sqft,98105,1755000.0
4,2.5,1620.0,sqft,6120.0,sqft,98126,849950.0
1,1.0,514.0,sqft,,,98122,345000.0
2,1.0,1240.0,sqft,4317.0,sqft,98116,656500.0
3,2.5,1620.0,sqft,1377.0,sqft,98112,935000.0
3,3.0,1608.0,sqft,2039.0,sqft,98126,625000.0
4,1.0,1530.0,sqft,6250.0,sqft,98117,740000.0
4,2.0,2270.0,sqft,3600.0,sqft,98119,1335000.0
1,1.0,908.0,sqft,,,98107,475000.0
2,1.0,1180.0,sqft,1560.0,sqft,98122,677000.0
1,1.0,672.0,sqft,0.54,acre,98107,464000.0
3,1.5,998.0,sqft,904.0,sqft,98117,610000.0
4,2.0,2220.0,sqft,5775.0,sqft,98144,740000.0
1,1.0,700.0,sqft,0.41,acre,98119,405000.0
7,6.0,7636.0,sqft,8625.0,sqft,98103,2225000.0
4,5.5,3530.0,sqft,0.44,acre,98118,1550000.0
3,2.0,1620.0,sqft,3840.0,sqft,98117,675000.0
4,3.0,1620.0,sqft,3380.0,sqft,98117,950000.0
2,2.0,1138.0,sqft,,,98126,515000.0
1,1.0,669.0,sqft,,,98121,385000.0
4,3.5,2600.0,sqft,4101.0,sqft,98108,1060000.0
3,2.0,1960.0,sqft,6138.0,sqft,98115,900000.0
2,2.0,950.0,sqft,0.68,acre,98106,395000.0
2,2.0,1410.0,sqft,0.25,acre,98112,880000.0
2,1.5,1022.0,sqft,1.0,acre,98144,729000.0
4,2.0,2840.0,sqft,5750.0,sqft,98126,1175000.0
1,1.0,712.0,sqft,,,98116,500000.0
5,2.0,1920.0,sqft,4173.0,sqft,98118,739000.0
3,3.5,3880.0,sqft,0.29,acre,98199,2500000.0
3,2.0,1010.0,sqft,6300.0,sqft,98106,650000.0
6,4.0,3300.0,sqft,3810.0,sqft,98103,1237500.0
3,1.0,1070.0,sqft,6567.0,sqft,98178,580000.0
3,1.0,1270.0,sqft,7140.0,sqft,98117,1050000.0
3,2.0,1413.0,sqft,1.0,acre,98103,1099970.0
3,2.5,1820.0,sqft,3090.0,sqft,98115,1030000.0
2,2.0,1415.0,sqft,,,98125,469000.0
3,3.0,2212.0,sqft,,,98109,1470000.0
3,3.5,3290.0,sqft,7338.0,sqft,98126,1400000.0
2,2.0,1391.0,sqft,1049.0,sqft,98115,672500.0
2,2.0,1372.0,sqft,900.0,sqft,98125,649950.0
2,1.5,960.0,sqft,8057.0,sqft,98199,515000.0
3,2.5,1890.0,sqft,1097.0,sqft,98144,699000.0
4,3.0,2230.0,sqft,6700.0,sqft,98115,1150000.0
1,1.5,952.0,sqft,,,98101,750000.0
2,1.0,925.0,sqft,,,98103,535000.0
4,2.0,1820.0,sqft,5600.0,sqft,98117,760000.0
8,4.5,3600.0,sqft,4360.0,sqft,98105,1500000.0
2,2.5,1305.0,sqft,2044.0,sqft,98116,770000.0
3,2.0,1840.0,sqft,3880.0,sqft,98117,959630.0
1,1.0,782.0,sqft,,,98101,519990.0
2,2.5,1040.0,sqft,990.0,sqft,98117,705000.0
2,2.0,1050.0,sqft,,,98103,480000.0
2,2.0,1019.0,sqft,,,98119,813000.0
4,2.5,3198.0,sqft,5000.0,sqft,98103,1712000.0
1,1.0,557.0,sqft,,,98105,222000.0
2,2.5,950.0,sqft,1500.0,sqft,98107,675000.0
3,1.0,1050.0,sqft,4080.0,sqft,98117,835000.0
1,1.0,533.0,sqft,,,98126,300000.0
3,1.0,860.0,sqft,8054.0,sqft,98178,425000.0
4,3.0,1890.0,sqft,1097.0,sqft,98144,699000.0
2,2.5,1138.0,sqft,3.97,acre,98126,515000.0
4,2.0,1830.0,sqft,9920.0,sqft,98146,535000.0
2,1.0,1980.0,sqft,2295.0,sqft,98144,699950.0
3,5.5,1730.0,sqft,1766.0,sqft,98105,850000.0
3,3.0,2462.0,sqft,2272.0,sqft,98117,915000.0
3,3.5,1300.0,sqft,1994.0,sqft,98106,583000.0
4,2.0,1550.0,sqft,6000.0,sqft,98103,1325000.0
3,3.5,1679.0,sqft,1.0,acre,98126,689000.0
3,1.0,1220.0,sqft,5850.0,sqft,98116,680000.0
3,1.5,1540.0,sqft,8505.0,sqft,98178,535000.0
3,2.0,1520.0,sqft,2185.0,sqft,98116,916500.0
3,1.0,1320.0,sqft,6250.0,sqft,98168,529000.0
2,1.0,1290.0,sqft,1875.0,sqft,98103,640000.0
3,2.5,1870.0,sqft,837.0,sqft,98117,890000.0
3,3.5,1762.0,sqft,1494.0,sqft,98102,1000000.0
3,1.0,1240.0,sqft,4842.0,sqft,98118,531000.0
3,1.5,1307.0,sqft,1362.0,sqft,98125,650000.0
2,2.0,1167.0,sqft,,,98107,650000.0
2,1.5,1070.0,sqft,1569.0,sqft,98103,849950.0
2,1.0,1820.0,sqft,7500.0,sqft,98125,1037300.0
3,2.0,1790.0,sqft,4080.0,sqft,98115,900000.0
5,3.5,3700.0,sqft,5520.0,sqft,98119,2050000.0
4,3.5,3340.0,sqft,6300.0,sqft,98144,2100000.0
4,2.5,2250.0,sqft,7650.0,sqft,98106,924900.0
3,2.0,1799.0,sqft,1471.0,sqft,98103,940000.0
1,1.0,584.0,sqft,,,98199,411000.0
5,2.5,4639.0,sqft,8036.0,sqft,98112,3350000.0
3,1.0,1810.0,sqft,0.24,acre,98178,512000.0
1,1.0,907.0,sqft,,,98119,585000.0
3,2.0,2120.0,sqft,6009.0,sqft,98117,1345000.0
1,1.0,616.0,sqft,0.35,acre,98101,399900.0
6,6.0,1780.0,sqft,7900.0,sqft,98168,733500.0
4,2.0,2630.0,sqft,8750.0,sqft,98115,1350000.0
5,3.0,3060.0,sqft,6250.0,sqft,98116,950000.0
3,2.0,2700.0,sqft,0.37,acre,98178,734000.0
5,4.0,2030.0,sqft,6000.0,sqft,98144,670000.0
3,2.5,1620.0,sqft,1423.0,sqft,98122,770000.0
5,4.5,5704.0,sqft,7200.0,sqft,98119,4000000.0
2,1.0,700.0,sqft,4000.0,sqft,98117,800000.0
2,3.0,1260.0,sqft,3920.0,sqft,98117,770000.0
4,2.0,1770.0,sqft,3920.0,sqft,98115,1425000.0
4,2.5,1812.0,sqft,1632.0,sqft,98136,825000.0
1,1.0,648.0,sqft,,,98121,395000.0
2,2.0,840.0,sqft,1177.0,sqft,98144,725000.0
3,2.0,2100.0,sqft,7800.0,sqft,98136,845000.0
5,3.0,2550.0,sqft,9192.0,sqft,98125,1450000.0
1,1.0,774.0,sqft,,,98146,265000.0
2,2.5,1736.0,sqft,,,98122,970000.0
3,2.5,2198.0,sqft,2621.0,sqft,98144,1675000.0
2,1.0,770.0,sqft,6501.0,sqft,98125,620000.0
2,2.0,1150.0,sqft,2462.0,sqft,98107,725000.0
3,2.0,2330.0,sqft,5280.0,sqft,98103,1098000.0
5,4.5,4693.0,sqft,0.24,acre,98122,2650000.0
3,3.0,1790.0,sqft,7286.0,sqft,98125,755000.0
4,3.5,2960.0,sqft,4500.0,sqft,98103,1700000.0
1,1.0,591.0,sqft,,,98119,434000.0
2,2.0,1391.0,sqft,0.34,acre,98109,860000.0
3,2.0,1160.0,sqft,7500.0,sqft,98178,566000.0
1,1.0,720.0,sqft,,,98126,365000.0
1,1.0,701.0,sqft,,,98115,325000.0
4,2.0,2570.0,sqft,4800.0,sqft,98103,1495000.0
3,2.0,1611.0,sqft,4648.0,sqft,98107,915000.0
4,2.5,2474.0,sqft,2970.0,sqft,98115,1725000.0
3,2.0,1300.0,sqft,2997.0,sqft,98144,778000.0
2,2.5,840.0,sqft,1224.0,sqft,98144,620000.0
2,2.0,1100.0,sqft,698.0,sqft,98107,749000.0
3,2.5,2730.0,sqft,3000.0,sqft,98122,1199000.0
2,2.0,1004.0,sqft,,,98125,325000.0
3,3.0,1650.0,sqft,1622.0,sqft,98103,950000.0
3,3.0,1650.0,sqft,1376.0,sqft,98103,974999.0
4,1.0,1850.0,sqft,4500.0,sqft,98118,600000.0
5,3.5,4050.0,sqft,3600.0,sqft,98119,2895000.0
1,1.0,865.0,sqft,1.26,acre,98112,712500.0
2,2.0,1252.0,sqft,,,98121,1349000.0
3,3.0,1790.0,sqft,7080.0,sqft,98109,1325000.0
5,3.0,2020.0,sqft,6000.0,sqft,98119,899000.0
3,1.5,1280.0,sqft,4000.0,sqft,98144,750000.0
4,2.0,1630.0,sqft,4982.0,sqft,98116,942000.0
3,3.5,1460.0,sqft,1200.0,sqft,98117,740000.0
3,2.0,1210.0,sqft,1374.0,sqft,98103,875000.0
4,2.0,2080.0,sqft,5250.0,sqft,98116,1098000.0
4,2.0,3542.0,sqft,5000.0,sqft,98144,1150000.0
3,1.5,2200.0,sqft,4800.0,sqft,98117,860000.0
1,1.0,603.0,sqft,,,98133,400000.0
2,2.0,1456.0,sqft,,,98199,575000.0
2,2.5,1169.0,sqft,1092.0,sqft,98117,615000.0
2,1.0,1770.0,sqft,4800.0,sqft,98103,926000.0
4,2.0,1641.0,sqft,6122.0,sqft,98118,538800.0
1,1.0,600.0,sqft,,,98122,310000.0
2,1.5,860.0,sqft,1154.0,sqft,98122,734950.0
4,3.5,4990.0,sqft,0.25,acre,98112,4815000.0
3,2.0,1749.0,sqft,1149.0,sqft,98125,699950.0
3,4.0,1580.0,sqft,1086.0,sqft,98144,825000.0
3,2.5,2340.0,sqft,8000.0,sqft,98177,1900000.0
6,3.0,2440.0,sqft,8000.0,sqft,98144,925000.0
1,1.0,705.0,sqft,,,98103,490000.0
2,2.0,1227.0,sqft,1393.0,sqft,98115,715000.0
5,4.0,2734.0,sqft,3774.0,sqft,98115,1300000.0
2,2.0,839.0,sqft,0.53,acre,98125,385000.0
3,1.0,1120.0,sqft,7407.0,sqft,98178,708000.0
3,2.0,1482.0,sqft,1085.0,sqft,98117,919000.0
3,3.5,1680.0,sqft,1486.0,sqft,98126,675000.0
2,2.0,1400.0,sqft,0.34,acre,98199,699950.0
3,2.0,1370.0,sqft,0.5,acre,98112,910000.0
1,1.0,889.0,sqft,,,98121,550000.0
4,2.0,2140.0,sqft,6250.0,sqft,98199,1150000.0
2,2.0,795.0,sqft,,,98103,590000.0
3,2.0,1710.0,sqft,4267.0,sqft,98133,659000.0
